,PID_79,HHID_79,month_born,year_born,live_with_mom_at_14,live_with_dad_at_14,single_mom_at_14,usborn,male,hispanic,black,AFQT_HS,AFQT,ROTTER,ROSENBERG,HGC_Age28,HGC_Age24,HGC_FATH79r,HGC_MOTH79r,real_earnings_1978,real_earnings_1979,real_earnings_1980,real_earnings_1981,real_earnings_1982,real_earnings_1983,real_earnings_1984,real_earnings_1985,real_earnings_1986,real_earnings_1987,real_earnings_1988,real_earnings_1989,real_earnings_1990,real_earnings_1991,real_earnings_1992,real_earnings_1993,real_earnings_1995,real_earnings_1997,real_earnings_1999,real_earnings_2001,real_earnings_2003,real_earnings_2005,real_earnings_2007,real_earnings_2009,real_earnings_2011,weeks_worked_1978,weeks_worked_1979,weeks_worked_1980,weeks_worked_1981,weeks_worked_1982,weeks_worked_1983,weeks_worked_1984,weeks_worked_1985,weeks_worked_1986,weeks_worked_1987,weeks_worked_1988,weeks_worked_1989,weeks_worked_1990,weeks_worked_1991,weeks_worked_1992,weeks_worked_1993,weeks_worked_1995,weeks_worked_1997,weeks_worked_1999,weeks_worked_2001,weeks_worked_2003,weeks_worked_2005,weeks_worked_2007,weeks_worked_2009,weeks_worked_2011,NORTH_EAST_79,NORTH_CENTRAL_79,SOUTH_79,WEST_79,college,earnings_in_2000
105,106,106,1,61,1.0,1.0,0.0,1.0,1,0,0,1.0,87.65100100000001,6.0,448.0,16.0,16.0,9.0,12.0,9364.3682,9010.5781,9791.3496,11994.278999999999,0.0,10946.586000000001,46171.625,45597.210999999996,45759.926,51826.691,51610.887,61548.066,61729.703,64039.941,55951.645,78469.977,75833.125,84233.469,92929.031,105888.29,110213.09,117234.41,110425.67,111804.3,121175.07,52.0,52.0,50.0,50.0,0.0,41.0,52.0,52.0,52.0,52.0,52.0,52.0,52.0,52.0,51.0,52.0,52.0,52.0,52.0,52.0,52.0,52.0,52.0,52.0,52.0,1.0,0.0,0.0,0.0,1,98315.97
123,124,124,3,61,1.0,1.0,0.0,1.0,0,0,0,0.0,40.113997999999995,9.0,381.0,15.0,15.0,14.0,14.0,4347.7422,600.70526,2646.3108,3118.5127,3389.4714,656.79517,4197.4204,18238.885,13926.935,9597.5352,0.0,351.70322000000004,2002.0444,0.0,0.0,0.0,1430.8136,0.0,0.0,0.0,0.0,1228.17,0.0,0.0,242.35013999999998,0.0,34.0,11.0,16.0,32.0,4.0,32.0,49.0,52.0,37.0,0.0,5.0,11.0,2.0,0.0,0.0,21.0,0.0,0.0,22.0,0.0,7.0,0.0,0.0,0.0,1.0,0.0,0.0,0.0,0,0.0
183,184,183,1,61,1.0,1.0,0.0,1.0,0,0,0,1.0,59.077999,8.0,476.0,13.0,13.0,12.0,12.0,4013.3005,13936.361,21342.496,24967.292999999998,27255.871,7741.4258,24974.652000000002,23631.516,28749.172000000002,40309.648,46449.797,43611.199,38404.215,28817.972999999998,12433.698999999999,48289.219000000005,28616.272999999997,23096.272999999997,0.0,0.0,0.0,6699.1089,22821.307,35745.867,39745.426,22.0,50.0,52.0,52.0,52.0,12.0,52.0,50.0,52.0,52.0,52.0,52.0,52.0,31.0,9.0,52.0,52.0,52.0,0.0,0.0,0.0,14.0,52.0,52.0,52.0,1.0,0.0,0.0,0.0,0,5774.068249999999
211,212,212,3,61,1.0,1.0,0.0,1.0,1,0,0,1.0,57.813999,8.0,572.0,12.0,12.0,16.0,12.0,6688.8345,21024.683999999997,37048.348,55173.684,45192.953,59111.566,57504.664000000004,66028.813,73215.883,82538.805,66356.852,73857.68,81750.148,81650.922,76156.406,78469.977,13592.729,70647.43,0.0,61562.957,77030.648,0.0,0.0,101640.27,48470.030999999995,41.0,39.0,52.0,52.0,52.0,52.0,52.0,52.0,52.0,52.0,52.0,52.0,52.0,52.0,52.0,52.0,49.0,52.0,52.0,52.0,52.0,47.0,52.0,52.0,52.0,1.0,0.0,0.0,0.0,0,52310.25874999999
253,254,254,6,61,1.0,1.0,0.0,1.0,0,0,0,1.0,94.820999,10.0,582.0,12.0,12.0,8.0,11.0,6688.8345,3153.7024,3969.4661,14393.136,3613.1765,2036.0651,5368.501,20265.428,27853.869,27598.672000000002,27648.689,17585.162,40040.887,38423.965,35746.887,34707.875,35770.34,29889.297000000002,37956.926,35706.516,26071.912,31820.767999999996,42066.922,40656.109,41684.227,39.0,35.0,36.0,41.0,17.0,20.0,40.0,52.0,52.0,52.0,49.0,16.0,52.0,52.0,49.0,48.0,52.0,52.0,52.0,52.0,48.0,52.0,52.0,52.0,52.0,1.0,0.0,0.0,0.0,0,32406.16275
259,260,260,2,61,1.0,1.0,0.0,1.0,1,0,0,1.0,83.226997,10.0,595.0,14.0,14.0,18.0,12.0,3177.1963,11413.399,12437.66,33583.98,47452.602,49697.504,52467.758,60289.648,59686.859000000004,76780.281,58983.871,58031.030999999995,56724.59,59236.945,62168.496,60361.523,57232.547,59778.594000000005,58898.68,59100.441,71105.219,72573.68,67307.078,64033.375,63011.039000000004,49.0,52.0,52.0,50.0,52.0,52.0,52.0,52.0,52.0,52.0,52.0,52.0,52.0,52.0,52.0,52.0,52.0,52.0,52.0,52.0,52.0,52.0,52.0,52.0,52.0,1.0,0.0,0.0,0.0,0,62220.7335
284,285,283,4,61,1.0,1.0,0.0,1.0,0,1,0,0.0,15.448,11.0,508.0,10.0,10.0,12.0,8.0,0.0,8710.2256,10585.243,7028.6479,10620.344,15325.221000000001,16789.682,18238.885,16911.277,19195.07,24330.847999999998,25603.994,33367.406,28817.972999999998,31084.248,36216.914,35770.34,33965.109,30103.77,27087.701,31997.347999999998,39078.137,42066.922,48787.332,53317.030999999995,10.0,52.0,42.0,34.0,52.0,52.0,52.0,34.0,52.0,52.0,52.0,52.0,46.0,52.0,52.0,52.0,52.0,52.0,52.0,52.0,52.0,52.0,52.0,52.0,52.0,1.0,0.0,0.0,0.0,0,30788.482
384,385,385,2,61,1.0,1.0,0.0,1.0,0,0,1,1.0,39.687,9.0,559.0,12.0,12.0,8.0,10.0,8695.4844,12014.104,18524.174,21589.702999999998,20336.828,25177.147999999997,27283.234,26345.057,26859.088,15356.056999999999,16589.213,28136.257999999998,30030.666,36822.965,35746.887,36216.914,42924.41,44154.640999999996,48427.805,52944.145,46852.414000000004,46335.504,44170.27,46754.527,44592.426,36.0,52.0,52.0,52.0,52.0,52.0,52.0,52.0,52.0,14.0,13.0,52.0,52.0,52.0,52.0,52.0,52.0,52.0,52.0,52.0,52.0,52.0,52.0,52.0,52.0,1.0,0.0,0.0,0.0,0,48094.75125
407,408,408,3,61,1.0,1.0,0.0,1.0,1,0,0,1.0,85.101997,8.0,518.0,12.0,12.0,12.0,12.0,15049.877,22826.799,33078.883,30520.642999999996,41803.48,51448.957,90244.539,85114.79699999999,69634.672,75820.531,73729.836,70340.648,70071.555,76847.93,80819.047,84506.133,87279.633,80157.656,78531.57,86188.141,82956.086,75923.234,73617.117,71148.195,73674.445,52.0,49.0,52.0,52.0,52.0,52.0,52.0,52.0,38.0,52.0,52.0,51.0,52.0,52.0,52.0,52.0,52.0,52.0,52.0,52.0,52.0,52.0,38.0,38.0,52.0,1.0,0.0,0.0,0.0,0,81958.36325000001
473,474,472,2,61,1.0,0.0,1.0,1.0,0,0,0,1.0,40.756001,10.0,412.0,12.0,12.0,12.0,12.0,836.1043099999999,450.52893,1323.1554,3994.095,15817.533000000001,15325.221000000001,21513.879,20265.428,23874.744,28792.605,29491.936,21102.193,21688.814,12807.988000000001,0.0,0.0,31477.9,31247.9,41883.504,36937.773,41478.043,35728.582,33653.539,32524.889,31020.818,0.0,9.0,5.0,14.0,52.0,52.0,52.0,52.0,52.0,52.0,52.0,52.0,51.0,15.0,0.0,0.0,52.0,52.0,52.0,52.0,52.0,52.0,52.0,52.0,52.0,0.0,1.0,0.0,0.0,0,37886.805
502,503,503,2,61,1.0,1.0,0.0,1.0,0,0,0,1.0,56.772999,9.0,500.0,12.0,12.0,10.0,10.0,3344.4172,3604.2314,4498.728,0.0,0.0,0.0,0.0,0.0,0.0,0.0,0.0,0.0,0.0,0.0,0.0,0.0,0.0,20379.064,19632.893,23393.924,23701.737999999998,25679.917999999998,15775.097,15246.041000000001,0.0,14.0,27.0,35.0,0.0,0.0,0.0,0.0,0.0,0.0,0.0,28.0,0.0,0.0,0.0,0.0,0.0,52.0,52.0,52.0,52.0,52.0,52.0,52.0,30.0,0.0,0.0,1.0,0.0,0.0,0,21776.904749999998
669,670,670,2,61,1.0,1.0,0.0,1.0,0,0,0,1.0,89.418999,6.0,413.0,16.0,14.0,15.0,12.0,5016.626,6007.0522,3175.5728,14393.136,33894.715,17514.539,16795.979,7498.2080000000005,19.89562,9597.5352,23962.197,26377.742000000002,23357.183999999997,0.0,45072.16,48289.219000000005,51509.293,58419.988,58898.68,0.0,0.0,0.0,0.0,0.0,0.0,20.0,29.0,13.0,30.0,52.0,44.0,52.0,23.0,0.0,12.0,46.0,49.0,32.0,0.0,35.0,52.0,52.0,52.0,52.0,0.0,0.0,0.0,0.0,0.0,0.0,0.0,1.0,0.0,0.0,1,29329.667
895,896,896,6,61,1.0,1.0,0.0,1.0,0,0,0,1.0,98.804001,6.0,507.0,16.0,16.0,17.0,16.0,1337.7668,3003.5261,3307.8884,479.77117999999996,12428.063,32839.758,31480.654,30398.141,31832.992000000002,15356.056999999999,20275.705,26377.742000000002,50051.109000000004,48029.957,31084.248,39234.988,41493.598,27172.088,26177.191000000003,24625.183999999997,17776.305,16747.773,25240.154,35574.098,30342.237999999998,17.0,30.0,51.0,24.0,29.0,52.0,52.0,51.0,45.0,45.0,52.0,28.0,52.0,52.0,47.0,35.0,52.0,52.0,52.0,52.0,52.0,52.0,52.0,52.0,52.0,0.0,1.0,0.0,0.0,1,23937.692000000003
959,960,959,1,61,1.0,1.0,0.0,1.0,1,0,0,1.0,88.978996,9.0,435.0,15.0,15.0,16.0,15.0,10033.252,12014.104,2646.3108,8395.9951,1807.7181,9851.9277,20987.104,62822.824,79582.484,86377.82,55297.379,105510.97,133469.63,6588248.0,124336.99,253061.16,200916.28,221667.17,259311.25,290577.16,315153.72,167477.73,157750.97,162624.44,333309.0,18.0,33.0,12.0,15.0,11.0,35.0,48.0,46.0,40.0,49.0,47.0,52.0,52.0,52.0,52.0,52.0,52.0,52.0,52.0,52.0,52.0,52.0,52.0,52.0,52.0,0.0,1.0,0.0,0.0,0,271677.325
1154,1155,1154,8,61,1.0,0.0,1.0,1.0,0,0,1,1.0,25.334,9.0,544.0,14.0,14.0,12.0,12.0,4023.3340000000003,4505.2891,3175.5728,1919.0847,17708.859,35815.043,38196.527,40530.855,48744.27,46068.168,47924.395,50117.710999999996,48382.738,51231.953,46626.371,48289.219000000005,47216.852,52985.57,56280.960999999996,56637.922,60439.434,58058.945,69936.258,58951.359000000004,65919.242,29.0,52.0,44.0,17.0,33.0,52.0,52.0,52.0,52.0,52.0,52.0,52.0,52.0,52.0,52.0,52.0,52.0,52.0,52.0,52.0,52.0,52.0,52.0,52.0,52.0,0.0,0.0,1.0,0.0,0,56585.97175
1305,1306,1306,10,62,0.0,0.0,0.0,1.0,0,0,0,0.0,48.847,12.0,569.0,12.0,12.0,7.0,12.0,150.49878,600.70526,4472.2651,21589.702999999998,1807.7181,0.0,0.0,0.0,0.0,0.0,0.0,0.0,2836.2295,12807.988000000001,2175.8975,12072.305,24323.832000000002,18735.154,17015.174,33859.629,40292.957,36845.102,34389.711,35574.098,37806.625,0.0,6.0,25.0,52.0,4.0,10.0,0.0,0.0,0.0,0.0,0.0,0.0,13.0,52.0,52.0,52.0,52.0,52.0,52.0,52.0,52.0,52.0,52.0,52.0,52.0,0.0,0.0,1.0,0.0,0,27475.728499999997
1547,1548,1547,4,61,0.0,0.0,0.0,1.0,0,0,0,0.0,40.716,10.0,472.0,10.0,10.0,10.0,10.0,0.0,7508.8154,0.0,0.0,0.0,0.0,163.6994,14185.798999999999,11937.372,23034.084,33178.426,28136.257999999998,28362.295,33620.969,32638.461,34707.875,35770.34,25813.482000000004,13088.596000000001,43094.07,11969.378,4466.0728,2629.1826,6098.4165,3005.1418,0.0,20.0,3.0,0.0,0.0,0.0,1.0,40.0,43.0,32.0,50.0,52.0,52.0,52.0,52.0,52.0,52.0,52.0,35.0,52.0,26.0,52.0,52.0,52.0,52.0,0.0,0.0,0.0,1.0,0,23491.381500000003
1643,1644,1644,1,61,1.0,1.0,0.0,0.0,1,1,0,1.0,43.409,12.0,377.0,13.0,13.0,4.0,6.0,6688.8345,6007.0522,7938.9321,28786.271,28923.49,30650.441000000003,33667.512,32424.683999999997,35812.117,57585.210999999996,46081.148,42204.387,48382.738,41094.43,41342.051,40744.027,40062.781,0.0,21740.156000000003,33243.996,711.05219,10495.271,10516.73,2337.7263,0.0,22.0,35.0,40.0,52.0,52.0,52.0,52.0,52.0,52.0,52.0,52.0,52.0,52.0,52.0,52.0,52.0,40.0,0.0,42.0,52.0,52.0,51.0,37.0,16.0,0.0,0.0,0.0,0.0,1.0,0,13923.801047500001
1840,1841,1841,1,61,1.0,1.0,0.0,1.0,0,0,0,1.0,92.678001,9.0,503.0,18.0,17.0,13.0,12.0,11705.46,7508.8154,2249.364,0.0,0.0,0.0,33579.363,40865.234,43770.363,49907.184,57140.625,61548.066,66734.813,80049.93,80819.047,75451.906,57232.547,65213.008,64134.117,73875.547,92436.781,94904.04699999999,93598.906,77246.609,90154.258,52.0,46.0,19.0,0.0,0.0,0.0,51.0,36.0,46.0,52.0,52.0,52.0,47.0,49.0,52.0,52.0,52.0,52.0,52.0,52.0,50.0,52.0,52.0,22.0,52.0,0.0,0.0,0.0,1.0,1,73914.86325000001
1946,1947,1946,2,61,1.0,1.0,0.0,1.0,0,0,0,1.0,41.856998,12.0,435.0,12.0,12.0,10.0,10.0,0.0,901.05786,0.0,0.0,0.0,0.0,0.0,0.0,0.0,0.0,0.0,0.0,1167.8593,14408.986,13987.911,16599.418,17169.764,16303.252,14397.455,17607.006,23701.737999999998,17864.291,21033.461,21344.459,24235.016,52.0,25.0,0.0,0.0,0.0,0.0,0.0,0.0,0.0,0.0,0.0,0.0,4.0,52.0,52.0,52.0,52.0,52.0,52.0,52.0,52.0,52.0,52.0,52.0,52.0,1.0,0.0,0.0,0.0,0,18002.36275
1950,1951,1951,1,61,1.0,1.0,0.0,1.0,0,0,0,0.0,45.219002,7.0,511.0,17.0,16.0,15.0,12.0,2341.092,6007.0522,6351.1455,3598.2839,3841.4011,10508.723,16789.682,19039.369,19895.621,26151.362999999998,29491.936,28136.257999999998,28362.295,33620.969,35128.309,37725.953,35054.934,38040.922,39265.785,43094.07,45033.305,46893.762,49428.637,54885.75,58164.035,26.0,31.0,40.0,25.0,26.0,50.0,48.0,48.0,45.0,40.0,45.0,50.0,45.0,52.0,52.0,52.0,52.0,52.0,52.0,41.0,41.0,52.0,52.0,52.0,52.0,1.0,0.0,0.0,0.0,1,41358.5205
1962,1963,1963,1,61,1.0,1.0,0.0,1.0,1,0,0,1.0,63.400002,5.0,582.0,12.0,12.0,12.0,12.0,5351.0674,22526.445,44987.280999999995,40780.551,39317.871,39407.711,39875.496,42557.398,47749.488,57585.210999999996,40551.41,47479.934,55056.219000000005,57635.945,69939.555,70924.789,77263.938,33965.109,71987.273,76584.32,81415.477,74806.719,82030.5,81312.219,84337.852,19.0,52.0,52.0,52.0,47.0,52.0,52.0,52.0,52.0,52.0,52.0,52.0,52.0,52.0,52.0,52.0,52.0,52.0,52.0,52.0,52.0,52.0,52.0,52.0,52.0,1.0,0.0,0.0,0.0,0,65988.04475
1965,1966,1966,2,61,1.0,1.0,0.0,1.0,1,0,0,1.0,85.623001,8.0,491.0,12.0,12.0,14.0,17.0,6688.8345,6007.0522,0.0,0.0,0.0,7662.6104,27419.65,42557.398,39791.242,43188.91,47924.395,42204.387,53387.852,51231.953,52843.223,55834.41,51509.293,49589.059,54972.102,61562.957,41478.043,46893.762,44170.27,42688.918,38776.023,44.0,35.0,0.0,0.0,0.0,17.0,52.0,52.0,50.0,52.0,52.0,52.0,52.0,52.0,52.0,52.0,52.0,52.0,52.0,52.0,52.0,52.0,52.0,52.0,52.0,1.0,0.0,0.0,0.0,0,51900.54025
1994,1995,1995,2,61,1.0,1.0,0.0,1.0,0,0,0,1.0,33.083,11.0,432.0,15.0,13.0,15.0,12.0,2675.5337,0.0,3175.5728,8252.0645,3292.3066,1018.0325,7620.4169999999995,20137.756,15518.583999999999,23993.838,19722.732,21102.193,28195.459,30418.972999999998,35746.887,12072.305,8584.8818,13586.044,6544.2979,7387.5552,0.0,3349.5544,4206.6924,6525.3057,11632.806999999999,40.0,9.0,25.0,36.0,50.0,21.0,52.0,52.0,50.0,52.0,48.0,52.0,52.0,52.0,52.0,15.0,25.0,48.0,0.0,50.0,0.0,6.0,9.0,52.0,52.0,0.0,1.0,0.0,0.0,0,6879.474275
2001,2002,2000,6,61,1.0,0.0,0.0,1.0,0,0,0,0.0,35.088001,5.0,470.0,10.0,10.0,12.0,12.0,0.0,0.0,0.0,0.0,0.0,0.0,0.0,0.0,0.0,0.0,0.0,0.0,0.0,0.0,0.0,0.0,0.0,0.0,1308.8595,18468.887,16591.217,13398.218,2103.3462,12196.833,6785.8042,0.0,0.0,0.0,0.0,0.0,0.0,0.0,0.0,0.0,0.0,0.0,0.0,0.0,0.0,0.0,0.0,0.0,0.0,8.0,39.0,47.0,39.0,19.0,35.0,52.0,0.0,1.0,0.0,0.0,0,9092.240875
2249,2250,2250,12,62,0.0,0.0,0.0,1.0,0,0,1,0.0,9.3929996,10.0,388.0,12.0,12.0,11.0,9.0,0.0,4685.501,7938.9321,55.173687,0.0,0.0,944.4196199999999,727.52887,3979.1240000000003,12476.796,9216.2295,19343.678,31699.035,8325.1924,23313.186,22635.57,31477.9,2037.9065,2617.719,12805.096000000001,18487.357,22330.362999999998,17878.441000000003,2744.2874,0.0,0.0,13.0,48.0,5.0,0.0,0.0,4.0,3.0,52.0,52.0,52.0,36.0,52.0,52.0,52.0,52.0,52.0,52.0,52.0,52.0,52.0,52.0,52.0,0.0,0.0,0.0,0.0,1.0,0.0,0,8987.019625
2340,2341,2341,2,61,1.0,1.0,0.0,1.0,1,0,0,1.0,78.245003,4.0,647.0,14.0,13.0,12.0,12.0,8026.6011,18585.82,16936.389,21589.702999999998,28245.596,34591.211,39875.496,46610.484000000004,50733.832,61424.227,58983.871,52755.484000000004,50051.109000000004,56034.949,62168.496,64134.117,64386.613,61137.195,78531.57,76338.07,69683.109,75923.234,79927.156,69115.391,63011.039000000004,27.0,52.0,48.0,52.0,52.0,48.0,52.0,52.0,52.0,52.0,52.0,52.0,52.0,52.0,52.0,52.0,52.0,52.0,52.0,52.0,52.0,52.0,52.0,52.0,52.0,0.0,0.0,1.0,0.0,0,71422.486
2350,2351,2350,3,61,1.0,1.0,0.0,1.0,1,0,1,1.0,29.414,10.0,442.0,12.0,12.0,2.0,11.0,1003.3251,13398.73,21170.486,13193.707,18077.182,19703.855,18888.393,16212.341999999999,3979.1240000000003,26873.097999999998,12902.722,25498.484,18352.074,19211.982,27975.822,19617.494,21462.205,29889.297000000002,37956.926,18468.887,41478.043,30145.99,31550.193,37606.902,36837.223,10.0,38.0,52.0,41.0,47.0,44.0,47.0,52.0,7.0,50.0,42.0,52.0,39.0,52.0,52.0,52.0,52.0,52.0,52.0,52.0,52.0,52.0,52.0,52.0,52.0,0.0,0.0,1.0,0.0,0,31948.288249999998
2394,2395,2395,1,61,1.0,1.0,0.0,1.0,0,1,0,1.0,2.8570001,8.0,537.0,12.0,12.0,4.0,6.0,4511.6187,5406.3472,0.0,2398.856,451.92953,0.0,0.0,0.0,0.0,0.0,0.0,0.0,0.0,0.0,0.0,0.0,0.0,0.0,0.0,0.0,0.0,0.0,0.0,0.0,0.0,20.0,31.0,0.0,10.0,4.0,0.0,0.0,0.0,0.0,0.0,0.0,0.0,0.0,0.0,0.0,0.0,0.0,0.0,0.0,0.0,0.0,0.0,0.0,0.0,0.0,0.0,0.0,0.0,1.0,0,0.0
2409,2410,2410,1,61,1.0,0.0,0.0,1.0,0,0,0,0.0,41.414001,6.0,484.0,12.0,12.0,9.0,12.0,3344.4172,600.70526,1852.4175,19190.848,22596.477000000003,26271.807,27283.234,26345.057,29843.43,13436.548999999999,12902.722,22860.709,0.0,0.0,0.0,0.0,0.0,0.0,9423.7891,10342.577,18487.357,14514.736,13671.75,35574.098,33929.02,19.0,8.0,8.0,51.0,37.0,52.0,52.0,52.0,31.0,25.0,26.0,37.0,0.0,0.0,0.0,0.0,0.0,0.0,42.0,52.0,41.0,52.0,52.0,52.0,52.0,0.0,0.0,0.0,1.0,0,9563.430775
2458,2459,2459,2,61,1.0,1.0,0.0,1.0,0,0,0,1.0,26.827999,13.0,359.0,12.0,12.0,8.0,12.0,4822.6494,5715.7104,1685.7,364.6261,0.0,3253.3254,0.0,0.0,0.0,15356.056999999999,9216.2295,684.0627400000001,0.0,0.0,2115.283,14888.17,15738.95,14944.648000000001,0.0,0.0,5925.4346,5091.3228,0.0,3455.7693,290.82018999999997,52.0,51.0,19.0,2.0,0.0,12.0,0.0,0.0,0.0,45.0,9.0,28.0,14.0,0.0,9.0,52.0,48.0,52.0,0.0,0.0,52.0,52.0,0.0,51.0,2.0,0.0,1.0,0.0,0.0,0,5217.52065
2527,2528,2528,8,61,1.0,1.0,0.0,1.0,0,0,0,1.0,13.091,10.0,342.0,12.0,12.0,12.0,9.0,775.90479,0.0,5292.6216,0.0,0.0,0.0,0.0,1418.58,0.0,0.0,0.0,801.8833599999999,0.0,0.0,1942.7655,7846.9980000000005,7440.231,7064.7427,6806.0698,6402.5479,3792.2783,6699.1089,3680.8557,17278.848,8336.8447,12.0,2.0,18.0,0.0,0.0,0.0,0.0,17.0,0.0,0.0,0.0,9.0,0.0,0.0,31.0,52.0,52.0,50.0,52.0,22.0,21.0,22.0,0.0,52.0,40.0,0.0,1.0,0.0,0.0,0,6016.409674999999
2587,2588,2588,1,61,1.0,1.0,0.0,1.0,0,0,0,1.0,97.318001,6.0,516.0,17.0,16.0,8.0,14.0,0.0,0.0,1058.5243,1199.428,677.8942900000001,21893.172000000002,44205.137,44583.941,43770.363,42229.155999999995,42394.655999999995,21102.193,38372.516,18411.482,22846.922000000002,21126.533,46017.828,51626.965,61516.398,57869.18,72290.305,78156.273,73129.141,80295.82,75613.25,0.0,0.0,8.0,0.0,13.0,29.0,52.0,52.0,51.0,52.0,39.0,37.0,29.0,41.0,52.0,52.0,52.0,52.0,52.0,52.0,52.0,52.0,45.0,52.0,52.0,0.0,0.0,1.0,0.0,1,60825.712
2593,2594,2594,4,62,1.0,1.0,0.0,1.0,1,0,0,0.0,34.866001000000004,7.0,435.0,12.0,12.0,7.0,8.0,0.0,11413.399,63511.457,53974.258,58072.945,43786.344000000005,54146.727,40125.547,27257.0,28792.605,34100.051,42204.387,48883.25,35221.969,38855.309,39989.508,37201.156,36682.316,65442.977,62794.219000000005,60439.434,69224.125,94650.57800000001,118919.13,116328.07,0.0,11.0,52.0,52.0,52.0,48.0,46.0,38.0,2.0,25.0,48.0,52.0,48.0,38.0,38.0,50.0,48.0,40.0,52.0,52.0,52.0,52.0,52.0,52.0,52.0,0.0,0.0,1.0,0.0,0,56339.736500000006
2644,2645,2643,9,62,1.0,1.0,0.0,0.0,0,1,0,0.0,8.6420002,11.0,323.0,13.0,13.0,0.0,0.0,1672.2086,2102.4683,3704.835,2158.9702,0.0,6567.9517,13259.651000000002,2026.5427,1790.6058,13436.548999999999,17879.486,15826.646,23357.183999999997,20812.98,29374.615,27162.686,27185.459,6385.4404,47118.945,36937.773,14221.044,30704.25,30498.52,81312.219,43623.027,0.0,8.0,16.0,16.0,0.0,37.0,50.0,33.0,37.0,52.0,52.0,50.0,47.0,49.0,52.0,52.0,52.0,16.0,49.0,34.0,17.0,51.0,43.0,49.0,52.0,0.0,0.0,1.0,0.0,0,26165.8006
2653,2654,2653,1,61,1.0,1.0,0.0,1.0,0,1,0,1.0,17.893,12.0,370.0,12.0,12.0,0.0,6.0,2006.6503,1802.1157,2540.4583,14393.136,15817.533000000001,6567.9517,4197.4204,16212.341999999999,15916.496000000001,28792.605,36864.918,21102.193,20020.443,24014.979,24867.397999999997,25653.646,30047.086,28530.691000000003,45810.085999999996,8003.1846,10665.782,22330.362999999998,21033.461,20328.055,0.0,9.0,12.0,10.0,52.0,52.0,32.0,52.0,48.0,41.0,22.0,50.0,51.0,52.0,52.0,52.0,52.0,52.0,52.0,52.0,23.0,52.0,52.0,52.0,45.0,0.0,0.0,0.0,1.0,0.0,0,23252.435899999997
2679,2680,2680,1,61,1.0,0.0,1.0,1.0,0,0,0,1.0,81.414001,5.0,554.0,17.0,16.0,13.0,12.0,240.79802999999998,4505.2891,3969.4661,1427.3192,3954.3833,5549.9194,15740.327,35059.191,26859.088,39349.895,37786.543,40445.871,46714.367,48029.957,48180.585999999996,45271.140999999996,44355.223,44833.945,143974.55,52944.145,47996.023,55825.91,45747.777,50311.937999999995,54286.434,0.0,20.0,37.0,7.0,15.0,29.0,52.0,52.0,39.0,52.0,40.0,49.0,45.0,52.0,52.0,52.0,52.0,52.0,52.0,52.0,52.0,52.0,52.0,52.0,52.0,0.0,0.0,1.0,0.0,1,72437.16575
2704,2705,2705,4,63,1.0,1.0,0.0,1.0,0,1,0,0.0,1.9299998999999999,12.0,373.0,9.0,9.0,5.0,3.0,3344.4172,0.0,0.0,0.0,2553.4019,4039.2903,14690.972,3039.8142,397.91241,7678.0283,14377.318000000001,21102.193,10010.222,19211.982,20204.762,9054.2285,8584.8818,16303.252,0.0,7387.5552,15406.131000000001,15631.255,17878.441000000003,24393.666,32959.621,25.0,0.0,0.0,0.0,12.0,39.0,52.0,39.0,7.0,37.0,46.0,52.0,45.0,21.0,34.0,26.0,52.0,36.0,0.0,52.0,52.0,22.0,52.0,52.0,52.0,0.0,0.0,1.0,0.0,0,9774.234550000001
2713,2714,2714,1,61,1.0,1.0,0.0,1.0,1,0,0,1.0,90.518997,5.0,647.0,16.0,16.0,14.0,12.0,6688.8345,6007.0522,6615.7769,0.0,9038.5908,7662.6104,0.0,28371.597999999998,25864.307,33591.375,35943.297,43611.199,46714.367,43226.960999999996,46626.371,40744.027,52224.699,61137.195,58898.68,80031.844,59254.348,50243.316,42066.922,30492.082000000002,38776.023,52.0,34.0,17.0,19.0,18.0,22.0,0.0,49.0,52.0,52.0,52.0,52.0,52.0,52.0,52.0,52.0,52.0,52.0,52.0,52.0,51.0,52.0,52.0,52.0,52.0,0.0,0.0,1.0,0.0,1,64830.516749999995
2723,2724,2724,1,63,1.0,1.0,0.0,1.0,1,0,0,0.0,79.723,5.0,517.0,16.0,16.0,16.0,12.0,1337.7668,2703.1736,3969.4661,4797.7119,7908.7666,14230.563,5246.7759,16212.341999999999,45759.926,67182.75,82946.07,66823.609,66734.813,65640.938,73047.984,92051.32,100156.95,97819.516,104708.77,290577.16,315153.72,312419.66,323729.16,317446.97,333309.0,0.0,13.0,32.0,45.0,22.0,21.0,49.0,44.0,52.0,52.0,52.0,52.0,52.0,52.0,52.0,52.0,52.0,52.0,52.0,52.0,52.0,52.0,52.0,52.0,52.0,0.0,0.0,1.0,0.0,1,202064.7915
2736,2737,2736,1,61,1.0,1.0,0.0,1.0,0,0,0,1.0,76.513,7.0,542.0,13.0,13.0,10.0,11.0,836.1043099999999,1051.2341,0.0,0.0,0.0,0.0,0.0,0.0,5968.686,17275.563000000002,33178.426,56272.515999999996,41709.258,44827.957,46626.371,48289.219000000005,50078.477,74723.242,58898.68,73875.547,61624.523,71457.164,50480.309,101640.27,53317.030999999995,17.0,9.0,0.0,0.0,0.0,0.0,0.0,8.0,46.0,37.0,52.0,52.0,52.0,52.0,52.0,52.0,52.0,52.0,52.0,52.0,52.0,52.0,52.0,52.0,52.0,0.0,0.0,1.0,0.0,0,67280.49799999999
2794,2795,2795,7,61,1.0,0.0,1.0,1.0,0,0,1,0.0,4.0019998999999995,8.0,364.0,12.0,12.0,3.0,4.0,1923.0399,0.0,2199.0842,0.0,1129.8239,4726.7358,419.74207,6079.6284,33822.555,1919.5071,2211.8953,0.0,1334.6963,0.0,13987.911,9054.2285,1716.9763,4075.813,23559.472999999998,14775.11,30812.262000000002,0.0,0.0,0.0,0.0,9.0,0.0,10.0,0.0,0.0,22.0,22.0,27.0,12.0,0.0,13.0,5.0,9.0,21.0,0.0,0.0,13.0,9.0,52.0,52.0,52.0,52.0,0.0,0.0,0.0,0.0,0.0,1.0,0.0,0,18305.6645
2848,2849,2848,5,61,1.0,1.0,0.0,1.0,0,0,0,1.0,91.68,9.0,436.0,16.0,16.0,19.0,19.0,167.22086000000002,3003.5261,529.26215,4797.7119,1016.8414,146.68425,3712.6184,46610.484000000004,51728.613,56625.457,62670.363,59789.547,70071.555,70443.938,77710.617,78469.977,85848.82,4075.813,56280.960999999996,24625.183999999997,7110.522,0.0,0.0,5082.0137,14056.309,6.0,18.0,47.0,44.0,33.0,12.0,4.0,52.0,52.0,52.0,52.0,49.0,52.0,52.0,52.0,52.0,52.0,0.0,52.0,52.0,52.0,52.0,1.0,40.0,52.0,1.0,0.0,0.0,0.0,1,23023.12
2983,2984,2982,1,61,1.0,1.0,0.0,1.0,1,0,0,1.0,96.417,7.0,560.0,16.0,16.0,18.0,13.0,1203.9902,2402.821,7303.8174,13433.593,17625.252,32182.963,54566.469000000005,70625.016,69634.672,75494.211,77416.328,87925.805,108444.07,128079.88,113457.51,123741.13,200916.28,133143.23,137430.25,290577.16,315153.72,312419.66,323729.16,317446.97,164798.09,9.0,39.0,44.0,32.0,30.0,30.0,52.0,52.0,52.0,52.0,52.0,52.0,52.0,52.0,52.0,52.0,52.0,52.0,52.0,52.0,52.0,52.0,52.0,52.0,52.0,1.0,0.0,0.0,0.0,1,219076.08999999997
3050,3051,3050,10,62,1.0,1.0,0.0,1.0,0,0,0,0.0,42.040001000000004,11.0,596.0,12.0,12.0,12.0,12.0,1381.2443,0.0,0.0,1285.7867,10394.379,13135.903,9444.1963,19860.119,27654.912,28024.803,28385.987999999998,26377.742000000002,20178.939,20572.832,22691.502,21271.4,27185.459,19020.461,17015.174,18468.887,17183.762,18980.808999999997,22085.135,22360.861,27143.217,0.0,0.0,0.0,6.0,28.0,28.0,24.0,43.0,52.0,48.0,52.0,52.0,38.0,52.0,52.0,26.0,29.0,14.0,52.0,52.0,52.0,52.0,52.0,52.0,52.0,1.0,0.0,0.0,0.0,0,17922.071
3057,3058,3058,1,61,1.0,1.0,0.0,1.0,0,0,0,1.0,49.827,14.0,362.0,12.0,12.0,16.0,11.0,12039.901000000002,19522.92,18524.174,23988.558999999997,22596.477000000003,39407.711,12592.261999999999,24318.514,29843.43,11517.042,15667.591,21102.193,18352.074,19211.982,21758.972999999998,9808.7471,2861.6272,40078.828,51045.523,56637.922,65179.780999999995,85971.898,83082.172,81312.219,95970.656,22.0,52.0,52.0,52.0,40.0,51.0,32.0,44.0,52.0,48.0,29.0,52.0,52.0,48.0,48.0,52.0,46.0,52.0,52.0,52.0,52.0,52.0,52.0,51.0,52.0,1.0,0.0,0.0,0.0,0,53235.513499999994
3254,3255,3255,3,61,1.0,1.0,0.0,1.0,1,0,0,1.0,91.682999,10.0,647.0,13.0,13.0,20.0,12.0,5016.626,1802.1157,3440.2039,19190.848,18077.182,15325.221000000001,23921.1,30398.141,39791.242,47987.676,40551.41,70340.648,75076.664,56034.949,62168.496,42253.066,57232.547,40758.129,0.0,0.0,9480.6953,0.0,0.0,20328.055,19388.012,13.0,10.0,30.0,52.0,38.0,52.0,37.0,43.0,37.0,43.0,41.0,48.0,39.0,36.0,44.0,36.0,36.0,50.0,52.0,52.0,52.0,41.0,0.0,52.0,39.0,1.0,0.0,0.0,0.0,0,12559.706075
3256,3257,3256,9,62,1.0,1.0,0.0,1.0,1,0,0,1.0,98.634003,8.0,571.0,18.0,17.0,17.0,17.0,250.83128,0.0,661.5777,479.77117999999996,1265.4027,3502.9077,6333.9077,1519.9071,3183.2993,1439.6302,5754.6138,7913.3228,13547.167,32019.971,18650.549,21126.533,31477.9,44352.996,45810.085999999996,70797.406,78215.742,83738.867,92547.234,101640.27,130869.08,0.0,0.0,4.0,4.0,4.0,11.0,4.0,20.0,3.0,21.0,41.0,52.0,42.0,52.0,36.0,52.0,52.0,52.0,51.0,52.0,52.0,52.0,52.0,52.0,52.0,1.0,0.0,0.0,0.0,1,59794.0575
3310,3311,3311,5,61,1.0,1.0,0.0,1.0,1,0,1,0.0,18.024,8.0,528.0,11.0,11.0,11.0,12.0,401.33005,27031.736,44987.280999999995,40780.551,49113.441,43013.515999999996,29381.943,0.0,21885.182,26873.097999999998,27648.689,17585.162,26693.926,27216.975,27975.822,15090.381000000001,34339.527,61137.195,65442.977,0.0,0.0,27912.955,36808.559,32524.889,25204.416,0.0,37.0,52.0,52.0,52.0,52.0,30.0,3.0,22.0,39.0,52.0,37.0,49.0,37.0,52.0,42.0,21.0,52.0,52.0,6.0,0.0,52.0,52.0,52.0,52.0,0.0,1.0,0.0,0.0,0,31645.042999999998
3352,3353,3353,1,61,1.0,1.0,0.0,1.0,1,0,0,1.0,16.881001,12.0,547.0,12.0,12.0,14.0,13.0,5016.626,13515.868,21170.486,16791.99,6778.9429,14230.563,15320.585,20265.428,27853.869,34551.125,40551.41,29015.516,38372.516,28817.972999999998,30928.826,28671.722999999998,47216.852,44833.945,56280.960999999996,48019.109000000004,46218.390999999996,49126.801,49428.637,46754.527,47500.629,52.0,43.0,42.0,49.0,38.0,44.0,50.0,49.0,30.0,38.0,52.0,52.0,52.0,52.0,52.0,52.0,52.0,52.0,52.0,52.0,52.0,52.0,52.0,52.0,52.0,0.0,1.0,0.0,0.0,0,48838.1015
3355,3356,3356,2,61,0.0,0.0,0.0,1.0,1,0,0,0.0,43.776001,9.0,269.0,14.0,13.0,12.0,12.0,4013.3005,21024.683999999997,0.0,0.0,13557.886,0.0,8394.8408,9119.4424,5968.686,34551.125,30413.558999999997,17585.162,0.0,0.0,10879.486,24144.609,15738.95,21737.67,14397.455,5171.2886,28442.088,2233.0364,0.0,0.0,0.0,31.0,7.0,0.0,0.0,28.0,2.0,15.0,48.0,14.0,52.0,52.0,35.0,7.0,0.0,13.0,14.0,52.0,36.0,41.0,38.0,50.0,0.0,0.0,0.0,0.0,0.0,1.0,0.0,0.0,0,17437.1254
3474,3475,3475,3,61,1.0,1.0,0.0,1.0,0,0,0,0.0,18.262999999999998,9.0,412.0,12.0,12.0,12.0,14.0,6688.8345,4505.2891,15348.601999999999,5997.1396,13557.886,18828.129,3357.9365,0.0,23874.744,11517.042,9216.2295,6154.8066,10010.222,8004.9927,7460.2197,1810.8457,18600.578,19020.461,26177.191000000003,25856.443,25597.879,29029.472999999998,12620.077,13172.58,24235.016,22.0,22.0,49.0,27.0,39.0,45.0,24.0,16.0,44.0,52.0,45.0,52.0,52.0,45.0,52.0,45.0,52.0,52.0,52.0,52.0,52.0,52.0,43.0,52.0,52.0,0.0,1.0,0.0,0.0,0,24162.9935
3505,3506,3505,5,61,1.0,1.0,0.0,1.0,0,0,0,1.0,79.063004,6.0,518.0,16.0,16.0,12.0,14.0,2508.313,9010.5781,10585.243,8395.9951,4519.2954,7662.6104,23085.813,46610.484000000004,29843.43,0.0,33178.426,35170.324,30030.666,16009.985,5439.7432,0.0,1144.6509,3804.0923,11779.736,9850.0732,11850.868999999999,20097.328,16826.77,0.0,0.0,50.0,48.0,52.0,36.0,28.0,43.0,41.0,52.0,46.0,52.0,52.0,52.0,48.0,35.0,52.0,25.0,16.0,52.0,43.0,52.0,52.0,52.0,52.0,52.0,52.0,0.0,1.0,0.0,0.0,1,9321.192625
3556,3557,3556,1,61,1.0,1.0,0.0,1.0,0,0,0,0.0,34.814999,10.0,381.0,12.0,12.0,8.0,12.0,1672.2086,750.88153,7938.9321,16120.312,16269.463,44683.965,44072.918,46610.484000000004,53718.176,50348.668,28102.129,35170.324,45212.835999999996,39804.027,41963.734000000004,46780.18,45786.035,40758.129,41883.504,36937.773,53328.914000000004,40194.656,58893.691,58951.359000000004,48470.030999999995,12.0,44.0,35.0,52.0,49.0,49.0,52.0,52.0,52.0,52.0,47.0,43.0,52.0,52.0,52.0,52.0,52.0,52.0,52.0,52.0,52.0,52.0,52.0,52.0,52.0,0.0,1.0,0.0,0.0,0,43227.08
3725,3726,3726,2,61,1.0,1.0,0.0,1.0,0,0,0,0.0,74.917,9.0,413.0,10.0,10.0,12.0,11.0,9989.7744,3781.4395,11987.787,14393.136,18990.078,15743.381000000001,11123.165,8077.7993,33822.555,32631.619,35021.672,31653.291,31699.035,35221.969,34192.672,33198.836,31477.9,40758.129,45810.085999999996,2462.5183,31997.347999999998,26796.436,27869.336,26731.392999999996,23750.314,13.0,10.0,29.0,22.0,36.0,25.0,28.0,49.0,52.0,52.0,52.0,52.0,43.0,52.0,52.0,52.0,42.0,52.0,52.0,20.0,52.0,52.0,52.0,52.0,52.0,0.0,1.0,0.0,0.0,0,30257.020324999998
3774,3775,3774,1,61,1.0,1.0,0.0,1.0,0,0,0,1.0,71.105003,4.0,506.0,13.0,13.0,8.0,12.0,8361.043,11527.533000000001,12437.66,9595.4238,17625.252,23379.718999999997,20987.104,28371.597999999998,29843.43,31287.965,35390.324,29894.772999999997,30030.666,24014.979,29374.615,29878.952999999998,30047.086,38040.922,45155.652,57869.18,58092.960999999996,59175.465,57842.02,56918.555,59133.437999999995,45.0,52.0,47.0,29.0,50.0,52.0,52.0,52.0,52.0,52.0,52.0,52.0,52.0,52.0,52.0,52.0,52.0,52.0,52.0,52.0,52.0,52.0,52.0,52.0,52.0,0.0,1.0,0.0,0.0,0,49789.67874999999
3859,3860,3860,1,61,1.0,1.0,0.0,1.0,1,0,0,0.0,97.807999,4.0,435.0,18.0,17.0,13.0,12.0,5685.5093,7208.4629,9262.0869,5997.1396,3389.4714,4816.498,12592.261999999999,37491.039,27853.869,38390.141,46081.148,43962.902,44211.812999999995,48029.957,43517.945,42253.066,45786.035,48909.758,51045.523,59100.441,61624.523,61408.5,59945.367,71148.195,70766.242,22.0,19.0,22.0,48.0,35.0,47.0,47.0,52.0,52.0,52.0,52.0,52.0,52.0,52.0,52.0,52.0,52.0,52.0,52.0,52.0,52.0,52.0,52.0,52.0,52.0,0.0,1.0,0.0,0.0,1,55170.06125
4055,4056,4056,2,61,1.0,1.0,0.0,1.0,1,0,0,1.0,68.435997,8.0,602.0,16.0,16.0,14.0,12.0,33.444171999999995,9010.5781,7938.9321,4797.7119,6778.9429,6567.9517,29381.943,34451.227,47749.488,51826.691,58983.871,49238.453,41709.258,45628.457,51289.008,36216.914,55801.73,0.0,58898.68,55406.664000000004,55699.085999999996,55825.91,36808.559,60984.164000000004,58164.035,0.0,38.0,43.0,32.0,19.0,19.0,43.0,51.0,52.0,52.0,52.0,45.0,52.0,51.0,52.0,52.0,52.0,52.0,52.0,52.0,52.0,52.0,52.0,52.0,52.0,0.0,0.0,1.0,0.0,1,42501.1075
4123,4124,4124,3,61,1.0,1.0,0.0,1.0,0,0,0,1.0,64.005997,6.0,647.0,17.0,16.0,12.0,12.0,3678.8589,6007.0522,7272.0615,9355.5381,5649.1191,13135.903,18888.393,36477.77,35812.117,36470.633,38708.164,38687.355,40875.074,41625.961,43517.945,43762.105,48647.664000000004,52306.27,52354.383,52944.145,61624.523,68107.609,82030.5,68098.984,67858.039,31.0,39.0,30.0,49.0,52.0,52.0,52.0,52.0,52.0,52.0,52.0,52.0,52.0,52.0,52.0,52.0,52.0,52.0,52.0,52.0,52.0,52.0,52.0,52.0,52.0,0.0,0.0,1.0,0.0,1,54807.33025
4204,4205,4204,1,61,1.0,1.0,0.0,1.0,1,0,1,1.0,4.197,8.0,403.0,12.0,12.0,13.0,12.0,0.0,7208.4629,1058.5243,19190.848,8812.626,19703.855,20812.91,11348.64,3979.1240000000003,34551.125,22118.951,29894.772999999997,22523.0,8004.9927,20204.762,0.0,14308.136999999999,14944.648000000001,39265.785,27087.701,106657.83,35728.582,21033.461,12196.833,0.0,0.0,51.0,52.0,52.0,26.0,46.0,52.0,34.0,42.0,47.0,52.0,52.0,52.0,47.0,42.0,25.0,52.0,52.0,52.0,52.0,52.0,35.0,52.0,52.0,31.0,0.0,0.0,1.0,0.0,0,46988.991
4364,4365,4365,1,61,1.0,0.0,1.0,1.0,1,0,0,1.0,84.22200000000001,4.0,349.0,12.0,12.0,7.0,8.0,5016.626,18321.51,7938.9321,9595.4238,18712.143,39407.711,23379.632999999998,24318.514,35812.117,23034.084,23317.063,31653.291,20020.443,19211.982,20204.762,18108.457,31477.9,43475.34,40574.645,24625.183999999997,17776.305,0.0,42066.922,50820.137,58164.035,22.0,51.0,52.0,42.0,44.0,51.0,50.0,52.0,37.0,52.0,52.0,52.0,43.0,43.0,52.0,51.0,52.0,52.0,52.0,52.0,52.0,52.0,52.0,52.0,52.0,0.0,0.0,0.0,1.0,0,31612.868499999997
4378,4379,4379,5,61,1.0,1.0,0.0,1.0,0,0,0,0.0,84.653999,4.0,563.0,13.0,13.0,16.0,8.0,8361.043,4505.2891,0.0,0.0,0.0,2627.1807,0.0,3039.8142,1790.6058,0.0,7608.9194,0.0,16203.213,14408.986,1554.2124,13581.343,22177.611,36682.316,57589.82,54175.402,30812.262000000002,42427.691,35756.883,62000.57,9694.0059,46.0,31.0,0.0,0.0,0.0,20.0,0.0,26.0,21.0,0.0,33.0,0.0,50.0,46.0,9.0,52.0,51.0,52.0,52.0,21.0,40.0,52.0,52.0,48.0,6.0,0.0,0.0,0.0,1.0,0,44814.95
4458,4459,4459,1,61,1.0,1.0,0.0,1.0,0,0,0,0.0,38.478001,6.0,473.0,12.0,12.0,12.0,16.0,1003.3251,3604.2314,12135.98,2158.9702,24011.016,27760.542999999998,20831.799,17225.613,6167.6426,16795.688000000002,45122.66,2286.071,20020.443,30739.172000000002,10102.381,8148.8057,8584.8818,21074.67,11779.736,23393.924,31878.84,10048.664,15775.097,22360.861,16479.811,42.0,52.0,45.0,52.0,52.0,52.0,49.0,52.0,32.0,52.0,52.0,52.0,52.0,52.0,41.0,28.0,21.0,52.0,48.0,52.0,52.0,33.0,52.0,52.0,52.0,0.0,0.0,0.0,1.0,0,22031.7925
4479,4480,4480,1,61,1.0,1.0,0.0,1.0,1,0,1,1.0,87.942001,6.0,647.0,16.0,16.0,16.0,12.0,6899.5327,9461.1074,10579.95,15592.563,22596.477000000003,66774.18,69257.438,70929.0,69634.672,80619.297,77416.328,86167.289,79914.938,80049.93,97915.383,102614.59,105880.21,122274.39,150518.84,290577.16,315153.72,312419.66,323729.16,317446.97,333309.0,17.0,35.0,15.0,11.0,17.0,52.0,52.0,52.0,52.0,52.0,52.0,52.0,52.0,52.0,52.0,52.0,52.0,52.0,52.0,52.0,52.0,52.0,52.0,52.0,52.0,0.0,0.0,0.0,1.0,1,219631.02749999997
4530,4531,4531,1,61,1.0,1.0,0.0,1.0,1,0,0,1.0,66.623001,5.0,583.0,16.0,16.0,18.0,15.0,3678.8589,2402.821,4234.0972,239.88558999999998,1581.7534,9232.3506,26443.75,58567.085999999996,63665.984000000004,65263.238,68200.102,77374.711,73408.297,67241.938,68385.344,69415.75,75833.125,85048.633,85075.867,110813.33,109028.0,126166.55,99908.945,104689.48,135716.08,14.0,12.0,12.0,0.0,7.0,14.0,25.0,52.0,52.0,52.0,52.0,52.0,52.0,52.0,39.0,50.0,52.0,52.0,52.0,52.0,52.0,52.0,52.0,52.0,52.0,0.0,0.0,0.0,1.0,1,97491.4575
4538,4539,4539,1,61,1.0,0.0,1.0,0.0,0,0,0,1.0,62.910999,4.0,532.0,15.0,15.0,12.0,12.0,0.0,6007.0522,8724.8867,3598.2839,2259.6477,2040.4437,10493.552,18238.885,18256.221,19195.07,20828.68,19343.678,20020.443,19211.982,18650.549,21579.244,21462.205,16303.252,18318.799,17438.324,14221.044,7815.6274,631.00385,0.0,0.0,0.0,21.0,41.0,20.0,40.0,21.0,52.0,52.0,50.0,50.0,52.0,45.0,51.0,47.0,52.0,52.0,52.0,52.0,52.0,52.0,52.0,31.0,0.0,0.0,0.0,0.0,0.0,0.0,1.0,0,16570.35475
4575,4576,4576,2,61,1.0,1.0,0.0,1.0,0,0,0,1.0,35.674,10.0,505.0,15.0,15.0,12.0,15.0,836.1043099999999,3003.5261,8468.1943,2398.856,11298.238000000001,10946.586000000001,9444.1963,12122.778,11937.372,12860.697,7372.9839,5275.5483,333.67407000000003,0.0,0.0,0.0,8012.5566,8151.626,0.0,14775.11,11850.868999999999,17864.291,26291.826,25410.068,14541.008999999998,8.0,41.0,44.0,40.0,52.0,52.0,52.0,52.0,52.0,52.0,51.0,52.0,9.0,0.0,0.0,0.0,14.0,52.0,52.0,52.0,52.0,0.0,52.0,49.0,52.0,0.0,0.0,0.0,1.0,0,8694.401249999999
4580,4581,4580,3,61,1.0,1.0,0.0,1.0,0,0,0,0.0,6.2210002,11.0,362.0,12.0,9.0,13.0,8.0,0.0,180.21156000000002,0.0,0.0,0.0,0.0,0.0,0.0,0.0,0.0,0.0,2110.2192,3336.7407,0.0,0.0,0.0,17169.764,21737.67,0.0,0.0,0.0,0.0,0.0,0.0,0.0,0.0,0.0,0.0,0.0,0.0,0.0,0.0,0.0,0.0,0.0,0.0,13.0,23.0,23.0,0.0,0.0,52.0,52.0,0.0,0.0,0.0,0.0,0.0,0.0,0.0,0.0,0.0,0.0,1.0,0,5434.4175
4698,4699,4699,2,61,1.0,1.0,0.0,1.0,1,0,0,1.0,60.139998999999996,13.0,521.0,14.0,14.0,14.0,13.0,1672.2086,0.0,39694.66,23988.558999999997,40673.656,65679.516,33579.363,46610.484000000004,63665.984000000004,97894.859,104696.38,79133.227,73741.969,75246.93,82373.258,64888.637,75833.125,221667.17,259311.25,104657.03,112583.26,152962.98,111477.34,33541.293,113419.87,24.0,44.0,39.0,52.0,52.0,49.0,49.0,52.0,38.0,52.0,52.0,52.0,52.0,52.0,40.0,43.0,52.0,52.0,52.0,52.0,52.0,52.0,52.0,52.0,52.0,1.0,0.0,0.0,0.0,0,174554.67750000002
4721,4722,4722,1,61,1.0,1.0,0.0,1.0,1,0,0,1.0,44.638000000000005,10.0,463.0,12.0,12.0,12.0,12.0,1003.3251,6007.0522,21699.748,22453.291,16269.463,17295.605,21616.717,26345.057,35812.117,49907.184,25805.443,24619.227000000003,24691.881,25615.977000000003,24867.397999999997,25653.646,32908.715,32606.504,34030.348,36937.773,40292.957,39078.137,36808.559,34557.695,36837.223,43.0,16.0,52.0,52.0,40.0,34.0,52.0,52.0,52.0,52.0,52.0,52.0,52.0,52.0,52.0,52.0,52.0,52.0,52.0,52.0,52.0,52.0,52.0,52.0,52.0,0.0,1.0,0.0,0.0,0,35966.8955
4765,4766,4766,3,61,1.0,1.0,0.0,1.0,0,0,0,1.0,76.971001,11.0,412.0,15.0,15.0,16.0,11.0,0.0,3604.2314,0.0,0.0,0.0,394.07712000000004,0.0,0.0,6963.4673,5758.521,17326.512,21102.193,12179.104,8004.9927,12744.542,36216.914,22177.611,16303.252,34030.348,36937.773,28442.088,16747.773,31550.193,53869.348,77552.047,0.0,23.0,0.0,0.0,0.0,2.0,0.0,9.0,40.0,52.0,52.0,52.0,30.0,30.0,31.0,52.0,50.0,33.0,52.0,52.0,52.0,52.0,52.0,52.0,52.0,0.0,1.0,0.0,0.0,0,28928.36525
4831,4832,4832,2,61,1.0,1.0,0.0,1.0,1,0,0,1.0,77.853996,7.0,582.0,14.0,14.0,12.0,9.0,8361.043,5706.6997,9791.3496,20390.275,11298.238000000001,20579.582,20991.301,16820.305,24272.656000000003,28792.605,38708.164,42204.387,53387.852,56034.949,55329.960999999996,59908.812999999995,62955.801,71462.586,66751.836,86188.141,72290.305,63641.535,70462.094,63423.530999999995,46531.227,45.0,27.0,15.0,42.0,19.0,32.0,34.0,31.0,41.0,34.0,37.0,52.0,52.0,52.0,52.0,52.0,52.0,52.0,52.0,52.0,52.0,52.0,52.0,52.0,52.0,0.0,1.0,0.0,0.0,0,74173.217
4875,4876,4876,1,61,1.0,1.0,0.0,1.0,0,0,0,1.0,67.66100300000001,9.0,435.0,12.0,12.0,12.0,12.0,2341.092,5105.9946,7938.9321,4754.5322,537.79614,0.0,0.0,0.0,2325.7981,0.0,0.0,5275.5483,1001.0222,1615.4075,6216.8496,9054.2285,9669.4385,16303.252,14397.455,20931.406000000003,16591.217,39078.137,44170.27,43705.32,26173.816000000003,50.0,31.0,33.0,50.0,8.0,0.0,0.0,0.0,27.0,12.0,0.0,35.0,42.0,40.0,52.0,52.0,40.0,40.0,52.0,52.0,52.0,52.0,52.0,50.0,52.0,0.0,1.0,0.0,0.0,0,17055.8325
4972,4973,4972,1,61,1.0,1.0,0.0,1.0,0,0,0,1.0,76.037003,4.0,394.0,15.0,15.0,13.0,12.0,1672.2086,0.0,0.0,21589.702999999998,22596.477000000003,0.0,0.0,0.0,0.0,0.0,0.0,0.0,0.0,0.0,0.0,0.0,0.0,0.0,0.0,0.0,0.0,0.0,63100.387,60984.164000000004,77552.047,19.0,0.0,0.0,52.0,49.0,0.0,0.0,39.0,14.0,0.0,0.0,0.0,0.0,0.0,0.0,0.0,0.0,0.0,0.0,0.0,0.0,0.0,52.0,52.0,52.0,0.0,0.0,1.0,0.0,0,0.0
5040,5041,5041,1,61,1.0,1.0,0.0,1.0,0,1,0,1.0,13.195,12.0,435.0,12.0,12.0,0.0,0.0,0.0,0.0,0.0,1295.3822,14301.311000000002,12522.895,14405.548,10132.714,10932.643999999998,0.0,0.0,0.0,0.0,0.0,0.0,0.0,286.16272000000004,0.0,6151.6396,3693.7776,15998.673999999999,15631.255,15459.595,16262.444,14541.008999999998,0.0,0.0,0.0,12.0,52.0,52.0,52.0,52.0,52.0,18.0,0.0,0.0,0.0,0.0,0.0,0.0,3.0,5.0,52.0,52.0,52.0,52.0,52.0,52.0,52.0,0.0,0.0,1.0,0.0,0,6461.0228
5099,5100,5100,1,61,1.0,1.0,0.0,1.0,0,0,0,0.0,69.693001,8.0,522.0,12.0,12.0,14.0,16.0,5685.5093,0.0,0.0,0.0,0.0,6567.9517,8890.1367,6079.6284,4599.8677,21114.577999999998,23962.197,28136.257999999998,28362.295,0.0,0.0,0.0,0.0,0.0,0.0,11696.962,19578.822,23446.881,22085.135,23377.264,10052.685,18.0,0.0,0.0,0.0,0.0,39.0,52.0,40.0,12.0,52.0,52.0,52.0,52.0,8.0,0.0,0.0,0.0,0.0,0.0,32.0,52.0,52.0,52.0,51.0,0.0,0.0,0.0,1.0,0.0,0,7818.946
5141,5142,5141,2,61,1.0,1.0,0.0,1.0,0,1,0,1.0,60.518002,7.0,459.0,12.0,12.0,11.0,18.0,10033.252,15017.631000000001,23816.797000000002,38381.695,30505.244,35029.078,29381.943,22291.971,19895.621,28792.605,27648.689,29894.772999999997,25025.555,26416.477000000003,31084.248,28671.722999999998,28616.272999999997,33965.109,45810.085999999996,9850.0732,41478.043,0.0,12620.077,13213.236,9694.0059,52.0,49.0,52.0,52.0,40.0,52.0,52.0,52.0,52.0,45.0,52.0,52.0,52.0,52.0,52.0,52.0,52.0,52.0,52.0,52.0,52.0,52.0,52.0,52.0,52.0,0.0,0.0,0.0,1.0,0,32775.8278
5148,5149,5149,1,62,1.0,1.0,0.0,1.0,1,0,0,1.0,72.306,11.0,504.0,12.0,12.0,12.0,12.0,5016.626,15017.631000000001,22528.042999999998,39581.121,47452.602,41597.027,37776.785,60796.280999999995,59686.859000000004,57585.210999999996,55297.379,52755.484000000004,56724.59,64039.941,48180.585999999996,51307.293,42924.41,0.0,0.0,0.0,7110.522,6699.1089,6310.0386,22360.861,2908.2017,28.0,52.0,52.0,52.0,52.0,46.0,48.0,52.0,52.0,52.0,52.0,52.0,52.0,52.0,52.0,50.0,4.0,0.0,0.0,0.0,48.0,52.0,52.0,52.0,0.0,0.0,0.0,0.0,1.0,0,1777.6305
5158,5159,5159,3,61,1.0,1.0,0.0,1.0,0,0,0,0.0,36.432999,8.0,529.0,12.0,12.0,12.0,14.0,6688.8345,16819.746,10585.243,4797.7119,1468.771,4159.7026,16789.682,16212.341999999999,0.0,0.0,0.0,8792.5811,0.0,0.0,0.0,0.0,2146.2205,0.0,916.20166,28318.961,5925.4346,1339.8218,0.0,406.5611,96.94005600000001,33.0,43.0,13.0,16.0,14.0,12.0,41.0,48.0,12.0,37.0,52.0,48.0,27.0,0.0,0.0,0.0,12.0,0.0,15.0,52.0,52.0,46.0,0.0,3.0,0.0,0.0,0.0,0.0,1.0,0,8790.149314999999
5228,5229,5227,1,61,1.0,1.0,0.0,1.0,1,0,0,1.0,31.929001,9.0,435.0,14.0,14.0,12.0,12.0,668.88342,2252.6445,3969.4661,9595.4238,11298.238000000001,10946.586000000001,27283.234,29891.506,30724.807,30712.112999999998,35021.672,35170.324,36704.148,38103.766,34192.672,34707.875,50078.477,38040.922,39265.785,35706.516,38396.816,36320.336,36808.559,38396.648,39745.426,52.0,44.0,12.0,37.0,52.0,52.0,52.0,52.0,52.0,52.0,52.0,52.0,52.0,52.0,52.0,52.0,52.0,52.0,52.0,46.0,52.0,52.0,52.0,52.0,52.0,0.0,0.0,0.0,1.0,0,37852.50975
5246,5247,5247,2,61,1.0,1.0,0.0,1.0,0,0,0,1.0,55.115002000000004,9.0,562.0,12.0,12.0,12.0,13.0,4347.7422,15017.631000000001,23816.797000000002,26387.414,24856.125,25177.147999999997,23085.813,18238.885,21885.182,19195.07,27648.689,26377.742000000002,28362.295,24014.979,27975.822,18902.211,28616.272999999997,22416.972999999998,1073.2648,10342.577,24886.826,29029.472999999998,0.0,0.0,0.0,50.0,39.0,52.0,52.0,52.0,42.0,52.0,50.0,52.0,52.0,52.0,52.0,52.0,52.0,52.0,52.0,49.0,30.0,5.0,44.0,49.0,38.0,0.0,0.0,0.0,0.0,0.0,0.0,1.0,0,14679.9102
5285,5286,5285,1,62,1.0,1.0,0.0,1.0,0,0,0,0.0,32.230999,12.0,355.0,12.0,12.0,10.0,10.0,0.0,0.0,0.0,0.0,0.0,0.0,0.0,0.0,0.0,0.0,0.0,527.55481,1668.3704,0.0,0.0,0.0,0.0,6793.022,3926.5786,2462.5183,5925.4346,5582.5908,0.0,0.0,0.0,0.0,0.0,0.0,0.0,0.0,0.0,0.0,0.0,0.0,0.0,0.0,14.0,36.0,0.0,0.0,0.0,0.0,52.0,52.0,44.0,52.0,52.0,0.0,0.0,0.0,0.0,1.0,0.0,0.0,0,4776.8883749999995
5291,5292,5292,2,61,0.0,0.0,0.0,1.0,0,0,0,1.0,56.368,10.0,447.0,13.0,13.0,12.0,12.0,1983.2394,6007.0522,5292.6216,5037.5972,4519.2954,0.0,3148.0654,7040.2095,20890.402,19195.07,30671.612999999998,25498.484,27528.109,36797.352,29530.035,25653.646,31477.9,32497.816000000003,28271.365,32012.737999999998,23237.186,0.0,0.0,20328.055,33929.02,22.0,50.0,26.0,20.0,10.0,0.0,8.0,46.0,52.0,49.0,52.0,52.0,52.0,52.0,52.0,52.0,52.0,52.0,52.0,52.0,40.0,0.0,0.0,52.0,52.0,0.0,1.0,0.0,0.0,0,29004.77625
5378,5379,5379,4,61,1.0,1.0,0.0,1.0,1,0,0,1.0,29.795,13.0,403.0,12.0,12.0,8.0,12.0,20835.718999999997,18021.156000000003,15877.864,17991.42,169475.83,17514.539,20987.104,27155.674,23874.744,26873.097999999998,26358.417999999998,36928.84,30030.666,32019.971,23313.186,29124.436,31477.9,35323.715,40574.645,34475.258,31997.347999999998,35728.582,33653.539,28459.277000000002,40714.824,52.0,52.0,52.0,52.0,44.0,47.0,52.0,52.0,52.0,52.0,41.0,52.0,45.0,52.0,48.0,44.0,52.0,52.0,52.0,52.0,52.0,52.0,52.0,52.0,39.0,0.0,1.0,0.0,0.0,0,35592.7415
5408,5409,5408,8,62,1.0,1.0,0.0,1.0,0,0,0,0.0,37.970001,10.0,412.0,12.0,9.0,12.0,12.0,0.0,720.84625,0.0,0.0,0.0,1050.8723,4617.1626,18603.662,29843.43,7678.0283,921.6229900000001,0.0,0.0,480.29956,23313.186,18108.457,17169.764,20379.064,15706.313999999998,27087.701,11850.868999999999,16747.773,21033.461,17278.848,1938.8011,0.0,3.0,0.0,0.0,0.0,11.0,21.0,29.0,51.0,14.0,8.0,0.0,0.0,1.0,47.0,50.0,52.0,28.0,52.0,48.0,44.0,30.0,52.0,49.0,17.0,0.0,1.0,0.0,0.0,0,18755.987
5454,5455,5455,1,61,1.0,1.0,0.0,1.0,0,0,0,0.0,9.1549997,10.0,605.0,8.0,8.0,0.0,7.0,0.0,0.0,0.0,0.0,1807.7181,0.0,0.0,0.0,0.0,0.0,0.0,0.0,0.0,6403.9941,0.0,0.0,1430.8136,0.0,0.0,0.0,0.0,0.0,0.0,0.0,0.0,0.0,0.0,0.0,0.0,11.0,0.0,0.0,0.0,0.0,0.0,0.0,0.0,0.0,29.0,26.0,0.0,10.0,0.0,0.0,0.0,0.0,0.0,0.0,0.0,0.0,0.0,0.0,1.0,0.0,0,0.0
5483,5484,5483,1,61,1.0,0.0,1.0,1.0,1,0,1,1.0,25.559998999999998,10.0,612.0,12.0,12.0,11.0,12.0,2056.8167,2228.6165,3175.5728,2398.856,1387.4237,0.0,2308.5813,0.0,0.0,0.0,0.0,52755.484000000004,21688.814,48029.957,29530.035,34707.875,27185.459,25813.482000000004,31412.629,32012.737999999998,47403.477,1004.8663,31550.193,32524.889,36837.223,9.0,8.0,20.0,25.0,9.0,0.0,9.0,0.0,0.0,0.0,0.0,44.0,52.0,52.0,52.0,52.0,52.0,52.0,52.0,52.0,52.0,52.0,52.0,52.0,52.0,0.0,0.0,1.0,0.0,0,34160.5815
5524,5525,5524,2,61,1.0,1.0,0.0,1.0,1,0,0,0.0,10.312999999999999,11.0,435.0,8.0,8.0,0.0,0.0,25083.129,9010.5781,20217.814,21589.702999999998,15817.533000000001,22987.832000000002,24135.167999999998,29790.178,36806.898,37430.387,46081.148,34818.621,40040.887,40024.965,41963.734000000004,37725.953,34339.527,39399.527,30103.77,27087.701,21331.564,22330.362999999998,33653.539,32524.889,22296.213,52.0,52.0,51.0,46.0,50.0,49.0,52.0,52.0,52.0,52.0,52.0,52.0,52.0,52.0,52.0,52.0,52.0,52.0,52.0,52.0,52.0,52.0,52.0,52.0,52.0,0.0,0.0,1.0,0.0,0,29480.6405
5617,5618,5616,1,61,1.0,1.0,0.0,1.0,1,0,1,1.0,51.958,9.0,482.0,16.0,16.0,12.0,12.0,2106.9829,2102.4683,3117.3540000000003,7340.499,1626.9463,0.0,10397.011,25086.572,30838.211,28600.654,28570.313,28136.257999999998,30531.176,29618.472999999998,29530.035,31689.799,38631.969,39399.527,49736.664000000004,36937.773,47403.477,48010.280999999995,47325.289000000004,4065.6111,30536.119,13.0,10.0,11.0,16.0,10.0,0.0,22.0,52.0,52.0,52.0,52.0,52.0,52.0,52.0,46.0,45.0,52.0,52.0,52.0,38.0,52.0,52.0,52.0,52.0,52.0,0.0,0.0,1.0,0.0,1,43369.36025
5654,5655,5655,3,61,1.0,1.0,0.0,1.0,1,0,0,1.0,82.060997,8.0,417.0,16.0,16.0,12.0,15.0,2341.092,6007.0522,7938.9321,4797.7119,5649.1191,12041.245,15740.327,9119.4424,37801.68,38390.141,43316.280999999995,43962.902,51719.48,56835.449,57505.859000000004,52816.332,60094.172,72006.031,91620.17199999999,100963.25,106657.83,100486.63,103063.96,103673.09,73674.445,12.0,25.0,52.0,19.0,30.0,52.0,43.0,27.0,52.0,50.0,52.0,52.0,49.0,52.0,52.0,52.0,51.0,52.0,52.0,52.0,52.0,52.0,52.0,52.0,30.0,0.0,0.0,1.0,0.0,1,92811.82075
5805,5806,5806,9,61,1.0,1.0,0.0,1.0,0,1,0,0.0,0.257,10.0,412.0,9.0,9.0,12.0,6.0,5016.626,108.12695,1852.4175,9595.4238,11298.238000000001,13135.903,14690.972,12159.257,17906.058999999997,0.0,2919.7017,17585.162,16683.703,32019.971,24867.397999999997,33198.836,32908.715,0.0,0.0,0.0,0.0,0.0,0.0,0.0,0.0,25.0,12.0,33.0,39.0,49.0,43.0,52.0,48.0,52.0,19.0,7.0,52.0,36.0,52.0,52.0,52.0,52.0,0.0,0.0,0.0,0.0,0.0,0.0,0.0,0.0,0.0,0.0,1.0,0.0,0,0.0
5964,5965,5965,4,62,1.0,0.0,0.0,1.0,0,0,1,1.0,28.34,11.0,506.0,12.0,12.0,12.0,10.0,0.0,1426.6749,2521.9341,0.0,0.0,766.26105,0.0,0.0,0.0,0.0,0.0,527.55481,0.0,1921.1982,8081.9043,7545.1904,4292.4409,6793.022,14397.455,13543.851,15406.131000000001,16636.121,10516.73,11180.431,17449.211,0.0,13.0,19.0,1.0,0.0,5.0,0.0,0.0,0.0,0.0,0.0,8.0,0.0,20.0,49.0,52.0,37.0,21.0,52.0,52.0,52.0,52.0,34.0,0.0,52.0,0.0,1.0,0.0,0.0,0,12535.11475
6131,6132,6132,2,61,1.0,0.0,0.0,1.0,0,0,1,1.0,26.291,7.0,527.0,14.0,12.0,13.0,12.0,5183.8467,0.0,6351.1455,26147.529,24856.125,34372.281,32949.75,34451.227,33822.555,30712.112999999998,31335.182,33411.805,31699.035,33620.969,31084.248,31689.799,37201.156,36682.316,36648.066,36937.773,35552.609,34612.062999999995,35756.883,39639.707,43623.027,46.0,0.0,27.0,52.0,52.0,52.0,52.0,52.0,52.0,52.0,52.0,52.0,52.0,52.0,52.0,52.0,52.0,52.0,52.0,52.0,52.0,52.0,52.0,52.0,52.0,0.0,0.0,1.0,0.0,0,36455.191
6151,6152,6152,2,61,1.0,0.0,0.0,1.0,0,0,1,0.0,29.989,7.0,647.0,14.0,14.0,10.0,12.0,21738.711,26887.566000000003,23689.772999999997,9595.4238,15056.032,24715.202999999998,16789.682,31545.164,34099.105,37430.387,39279.57,38687.355,42343.238,42426.460999999996,42430.0,43309.390999999996,40062.781,44154.640999999996,52354.383,6279.4219,46626.062999999995,44173.926,44170.27,48787.332,51792.164000000004,52.0,52.0,37.0,19.0,40.0,52.0,52.0,52.0,52.0,51.0,52.0,52.0,52.0,52.0,52.0,52.0,52.0,52.0,52.0,12.0,52.0,45.0,52.0,52.0,52.0,0.0,0.0,1.0,0.0,0,37353.627225000004
6289,6290,6290,4,61,1.0,0.0,1.0,1.0,0,0,1,1.0,10.274000000000001,11.0,479.0,12.0,12.0,5.0,8.0,1321.0448,0.0,0.0,0.0,0.0,0.0,0.0,0.0,0.0,0.0,0.0,0.0,0.0,1761.0984,7771.062,9046.6836,6009.4175,0.0,11779.736,0.0,3555.261,0.0,0.0,0.0,0.0,10.0,0.0,0.0,0.0,0.0,0.0,0.0,0.0,0.0,0.0,0.0,0.0,0.0,23.0,52.0,52.0,24.0,0.0,42.0,0.0,23.0,0.0,0.0,0.0,0.0,0.0,0.0,1.0,0.0,0,3833.7492500000003
6343,6344,6344,6,61,0.0,0.0,0.0,1.0,0,0,1,1.0,13.09,8.0,413.0,12.0,12.0,10.0,10.0,0.0,4928.7866,5292.6216,0.0,0.0,0.0,0.0,12159.257,3147.4871,4798.7676,0.0,1967.7795,6144.6079,9605.9912,3885.531,4527.1143,0.0,0.0,392.65787,615.62958,0.0,0.0,788.75482,0.0,0.0,0.0,28.0,29.0,0.0,0.0,0.0,0.0,22.0,17.0,21.0,0.0,9.0,25.0,39.0,26.0,24.0,0.0,0.0,12.0,19.0,0.0,0.0,9.0,0.0,0.0,0.0,0.0,1.0,0.0,0,252.0718625
6362,6363,6361,5,62,1.0,1.0,0.0,1.0,0,0,1,1.0,11.206,8.0,492.0,12.0,12.0,2.0,11.0,0.0,0.0,0.0,0.0,0.0,0.0,8394.8408,6079.6284,0.0,2456.969,12902.722,10551.097,4170.9258,8004.9927,21758.972999999998,28671.722999999998,27185.459,24454.879,31412.629,35706.516,40292.957,38916.242,41015.25,48787.332,46531.227,0.0,0.0,0.0,0.0,0.0,0.0,34.0,52.0,0.0,7.0,52.0,43.0,12.0,27.0,44.0,52.0,52.0,52.0,52.0,52.0,52.0,52.0,52.0,52.0,52.0,0.0,0.0,1.0,0.0,0,32966.74525
6373,6374,6373,2,62,1.0,0.0,1.0,1.0,0,0,1,0.0,5.145,12.0,497.0,12.0,12.0,7.0,8.0,0.0,1201.4105,26.463106,11994.278999999999,18077.182,15325.221000000001,14690.972,14185.798999999999,21885.182,17275.563000000002,12902.722,19343.678,15015.333,16009.985,18650.549,13581.343,15738.95,19020.461,15706.313999999998,18468.887,15406.131000000001,11165.181999999999,26291.826,25410.068,26173.816000000003,0.0,4.0,0.0,38.0,50.0,51.0,50.0,52.0,52.0,44.0,43.0,17.0,51.0,52.0,52.0,52.0,52.0,52.0,52.0,52.0,52.0,52.0,52.0,52.0,52.0,0.0,0.0,1.0,0.0,0,17150.44825
6692,6693,6693,6,61,1.0,1.0,0.0,0.0,0,1,0,1.0,64.710999,7.0,489.0,16.0,16.0,12.0,3.0,5016.626,4505.2891,6086.5146,7484.4302,16269.463,32620.827999999998,34418.848,37491.039,44765.145,45684.27,48293.043,55217.405999999995,53387.852,58916.746,56262.488,57796.155999999995,56517.140999999996,61137.195,85075.867,104657.03,106657.83,17864.291,5180.5415,42688.918,74643.844,28.0,9.0,17.0,40.0,48.0,52.0,52.0,52.0,52.0,52.0,52.0,52.0,52.0,46.0,52.0,52.0,52.0,52.0,52.0,52.0,52.0,42.0,17.0,52.0,48.0,1.0,0.0,0.0,0.0,1,89381.9805
6760,6761,6761,5,61,1.0,1.0,0.0,1.0,0,0,1,0.0,3.0090001,12.0,359.0,10.0,10.0,12.0,12.0,1377.8999,0.0,0.0,0.0,0.0,0.0,0.0,0.0,0.0,0.0,0.0,0.0,0.0,0.0,0.0,0.0,0.0,0.0,0.0,0.0,0.0,0.0,0.0,0.0,0.0,23.0,26.0,11.0,0.0,0.0,0.0,0.0,0.0,0.0,0.0,0.0,0.0,0.0,0.0,0.0,0.0,0.0,0.0,0.0,0.0,0.0,0.0,0.0,0.0,0.0,1.0,0.0,0.0,0.0,0,0.0
6816,6817,6816,8,62,0.0,0.0,0.0,1.0,0,1,0,1.0,88.572998,8.0,468.0,16.0,16.0,12.0,9.0,0.0,0.0,2646.3108,743.64532,9727.7832,6567.9517,25184.522999999997,15671.255,24268.678,33207.473,40551.41,38687.355,41208.746,48029.957,51289.008,45271.140999999996,47216.852,45513.246,45810.085999999996,43094.07,53921.457,56998.254,59369.047,65557.977,79781.672,0.0,0.0,12.0,42.0,33.0,14.0,52.0,36.0,45.0,52.0,52.0,52.0,52.0,52.0,52.0,32.0,50.0,42.0,52.0,52.0,52.0,47.0,43.0,42.0,52.0,1.0,0.0,0.0,0.0,1,47084.71475
6838,6839,6839,1,61,1.0,1.0,0.0,1.0,0,0,1,1.0,43.257999,7.0,518.0,16.0,14.0,15.0,14.0,601.99512,1802.1157,7938.9321,8395.9951,1468.771,4378.6348,6715.8730000000005,8106.1709,17906.058999999997,40309.648,44237.902,0.0,3336.7407,0.0,310.84247,0.0,0.0,0.0,3926.5786,18468.887,28162.406000000003,31262.51,27343.5,49295.535,48470.030999999995,0.0,39.0,43.0,39.0,16.0,30.0,48.0,50.0,40.0,38.0,50.0,0.0,11.0,33.0,1.0,23.0,0.0,0.0,14.0,44.0,52.0,34.0,52.0,52.0,52.0,1.0,0.0,0.0,0.0,1,12639.4679
7075,7076,7074,1,61,1.0,1.0,0.0,1.0,1,0,1,1.0,91.144997,7.0,555.0,16.0,15.0,14.0,11.0,0.0,1351.5868,2910.9417,4797.7119,10168.414,26271.807,9444.1963,1157.1559,1989.5620000000001,191.9507,12534.072,15650.794,275.2811,8004.9927,13055.383999999998,19617.494,28616.272999999997,41029.852,36648.066,27087.701,35552.609,33495.547,31550.193,37098.699,0.0,0.0,22.0,47.0,46.0,30.0,51.0,52.0,14.0,18.0,37.0,52.0,52.0,52.0,47.0,48.0,52.0,52.0,52.0,52.0,52.0,52.0,52.0,52.0,52.0,0.0,0.0,1.0,0.0,0.0,1,35079.557
7136,7137,7136,2,61,1.0,1.0,0.0,1.0,0,0,1,1.0,25.291999999999998,5.0,595.0,14.0,14.0,13.0,15.0,3009.9753,0.0,3175.5728,719.65674,677.8942900000001,2627.1807,5666.5176,2431.8513,11937.372,13436.548999999999,12902.722,10551.097,13346.963,12807.988000000001,2331.3186,18108.457,12877.323,14944.648000000001,20941.752,19700.146,18961.391,17864.291,17878.441000000003,17278.848,9694.0059,35.0,0.0,28.0,14.0,7.0,33.0,26.0,24.0,52.0,52.0,52.0,52.0,52.0,49.0,52.0,45.0,48.0,52.0,52.0,52.0,52.0,52.0,52.0,46.0,52.0,0.0,1.0,0.0,0.0,0,18636.98425
7151,7152,7151,3,61,1.0,1.0,0.0,1.0,0,0,1,1.0,26.153999,14.0,425.0,12.0,12.0,4.0,11.0,1003.3251,13311.628,0.0,0.0,0.0,0.0,0.0,0.0,0.0,310.96013999999997,42335.672,43456.449,46714.367,44827.957,55951.645,30180.762000000002,88710.445,51626.965,41883.504,0.0,56884.176,52476.355,54687.0,9147.625,38776.023,52.0,52.0,3.0,0.0,0.0,0.0,0.0,0.0,0.0,0.0,47.0,52.0,52.0,52.0,52.0,52.0,52.0,52.0,33.0,52.0,52.0,52.0,52.0,0.0,0.0,0.0,1.0,0.0,0.0,0,37598.66125
7197,7198,7197,9,61,1.0,0.0,1.0,1.0,0,0,1,1.0,27.809,11.0,435.0,13.0,13.0,12.0,12.0,0.0,0.0,1323.1554,0.0,0.0,1751.4539,1049.3551,18238.885,35812.117,28792.605,0.0,17585.162,30030.666,33620.969,31084.248,28671.722999999998,28616.272999999997,28530.691000000003,32721.487999999998,35090.887,40292.957,39078.137,45221.941,39639.707,44592.426,0.0,0.0,14.0,0.0,0.0,17.0,13.0,39.0,52.0,52.0,27.0,39.0,49.0,52.0,52.0,31.0,52.0,52.0,51.0,52.0,52.0,44.0,52.0,52.0,52.0,0.0,1.0,0.0,0.0,0,34159.005750000004
7208,7209,7208,1,62,1.0,1.0,0.0,0.0,0,1,0,0.0,3.915,7.0,370.0,3.0,3.0,6.0,0.0,0.0,0.0,0.0,0.0,0.0,0.0,0.0,0.0,2785.387,0.0,0.0,2637.7742,0.0,0.0,0.0,301.80762000000004,2861.6272,9510.2305,0.0,18468.887,18961.391,17864.291,17878.441000000003,12196.833,15510.409,0.0,0.0,0.0,0.0,0.0,0.0,0.0,0.0,32.0,16.0,7.0,52.0,8.0,0.0,0.0,1.0,0.0,37.0,52.0,52.0,52.0,52.0,52.0,52.0,52.0,0.0,1.0,0.0,0.0,0,11735.127124999999
7215,7216,7216,3,61,1.0,0.0,1.0,1.0,0,0,1,0.0,1.413,11.0,412.0,11.0,11.0,11.0,6.0,0.0,0.0,0.0,1919.0847,1355.7886,0.0,0.0,0.0,1989.5620000000001,0.0,5529.7378,4396.2905,6006.1333,16009.985,13987.911,27162.686,12161.916000000001,17661.857,49736.664000000004,40631.555,42663.129,24563.4,37860.23,47770.93,0.0,0.0,0.0,0.0,11.0,5.0,0.0,0.0,30.0,10.0,3.0,22.0,3.0,30.0,52.0,52.0,52.0,52.0,52.0,52.0,52.0,52.0,52.0,43.0,52.0,29.0,0.0,1.0,0.0,0.0,0,37673.301250000004
7239,7240,7240,2,61,1.0,1.0,0.0,1.0,1,1,0,1.0,58.110001000000004,7.0,561.0,14.0,14.0,4.0,11.0,6688.8345,7508.8154,5292.6216,7676.3389,9038.5908,5648.4385,2098.7102,35464.5,35812.117,37430.387,36311.945,36928.84,35035.777,40024.965,49734.797,51922.98,68679.055,81380.398,71987.273,86188.141,77030.648,89321.45300000001,94650.57800000001,99607.469,92093.055,52.0,52.0,52.0,52.0,51.0,37.0,6.0,52.0,52.0,52.0,52.0,52.0,52.0,52.0,52.0,52.0,52.0,52.0,52.0,52.0,52.0,52.0,52.0,52.0,52.0,0.0,1.0,0.0,0.0,0,79146.615
7247,7248,7248,3,61,1.0,1.0,0.0,1.0,1,0,1,1.0,53.318999999999996,10.0,533.0,14.0,14.0,12.0,12.0,3678.8589,6007.0522,0.0,12713.937,18077.182,35029.078,50369.047,22291.971,11937.372,40309.648,71702.266,66823.609,66734.813,64039.941,46626.371,75451.906,85848.82,92385.094,98164.469,116969.63,105472.74,94904.04699999999,104115.63,101640.27,42653.625,44.0,31.0,0.0,29.0,52.0,52.0,48.0,46.0,52.0,42.0,52.0,52.0,52.0,52.0,52.0,52.0,52.0,52.0,31.0,52.0,52.0,52.0,52.0,52.0,52.0,0.0,1.0,0.0,0.0,0,103247.98324999999
7409,7410,7410,5,61,1.0,1.0,0.0,0.0,0,0,1,1.0,46.513999999999996,7.0,647.0,13.0,12.0,16.0,16.0,5016.626,3003.5261,22760.917999999998,27989.85,32367.193,42634.765999999996,31480.654,48310.754,47940.488,49907.184,47924.395,47479.934,48329.352,48785.629,48180.585999999996,60983.246,70750.875,61965.945,53445.969000000005,54175.402,55699.085999999996,61752.387,58077.594000000005,52852.945,48672.633,52.0,52.0,52.0,52.0,50.0,52.0,52.0,52.0,52.0,52.0,52.0,52.0,52.0,52.0,52.0,52.0,52.0,52.0,52.0,52.0,52.0,52.0,52.0,47.0,52.0,0.0,0.0,1.0,0.0,0,56321.6005
7488,7489,7488,1,61,1.0,1.0,0.0,0.0,0,0,1,1.0,61.970001,9.0,374.0,15.0,15.0,12.0,15.0,1003.3251,6007.0522,6615.7769,5709.2769,11298.238000000001,1532.5221,12592.261999999999,18238.885,35812.117,40309.648,40551.41,42204.387,42376.605,48029.957,45072.16,55834.41,45786.035,46192.547,51045.523,55406.664000000004,35552.609,24563.4,46273.617,35879.02,34898.422,21.0,28.0,15.0,28.0,50.0,40.0,46.0,51.0,52.0,52.0,52.0,52.0,52.0,52.0,52.0,52.0,52.0,52.0,52.0,45.0,49.0,36.0,52.0,52.0,52.0,0.0,0.0,1.0,0.0,0,47049.33575
7598,7599,7599,3,61,1.0,1.0,0.0,0.0,1,0,1,1.0,22.169001,6.0,409.0,12.0,12.0,12.0,12.0,3009.9753,1802.1157,0.0,0.0,0.0,10946.586000000001,10493.552,20387.02,33229.664,40309.648,46081.148,46398.449,43377.629,46428.957,49734.797,45271.140999999996,54370.918,59778.594000000005,64134.117,67719.258,68735.047,64758.055,54687.0,76230.211,81429.648,41.0,22.0,0.0,0.0,0.0,37.0,41.0,48.0,52.0,52.0,52.0,50.0,47.0,52.0,51.0,49.0,52.0,52.0,52.0,50.0,52.0,52.0,52.0,52.0,52.0,0.0,0.0,1.0,0.0,0,65091.754
7602,7603,7602,1,61,1.0,1.0,0.0,1.0,0,1,0,1.0,93.137001,6.0,437.0,18.0,16.0,16.0,12.0,2675.5337,4204.9365,6086.5146,5997.1396,11298.238000000001,36123.734,36727.43,24318.514,10942.591,13436.548999999999,46081.148,57151.773,55890.405999999995,5603.4946,6993.9556,15090.381000000001,15738.95,14944.648000000001,15706.313999999998,18468.887,17776.305,22330.362999999998,54687.0,50820.137,9694.0059,31.0,12.0,12.0,12.0,27.0,52.0,52.0,33.0,26.0,31.0,52.0,27.0,52.0,16.0,24.0,52.0,52.0,44.0,52.0,42.0,32.0,52.0,52.0,48.0,47.0,0.0,0.0,1.0,0.0,1,16724.038500000002
7709,7710,7709,8,61,1.0,1.0,0.0,1.0,0,0,1,1.0,4.1789999,10.0,394.0,12.0,12.0,10.0,7.0,0.0,132.15515,214.35117000000002,7196.5679,5054.832,7480.897,0.0,18242.938000000002,17906.058999999997,4414.8662,8847.5811,17367.105,1247.941,8784.6787,13333.588,34481.52,16525.898,37842.566,35339.207,64025.477,42663.129,49126.801,44170.27,0.0,58164.035,0.0,1.0,0.0,11.0,9.0,17.0,3.0,45.0,49.0,36.0,32.0,52.0,18.0,43.0,34.0,52.0,41.0,52.0,20.0,52.0,50.0,52.0,52.0,6.0,47.0,0.0,0.0,1.0,0.0,0,44967.594750000004
7711,7712,7712,3,61,1.0,0.0,0.0,1.0,1,0,1,0.0,48.925999,7.0,406.0,12.0,12.0,9.0,14.0,6019.9507,0.0,0.0,0.0,0.0,0.0,10913.294,26750.365,29246.563,17275.563000000002,9216.2295,3517.0322,8341.8516,4802.9956,9014.4316,10865.073999999999,0.0,0.0,2617.719,1846.8888,13035.956,2009.7327,5079.5811,11688.632,4847.0029,23.0,0.0,0.0,0.0,0.0,0.0,20.0,52.0,52.0,52.0,47.0,52.0,49.0,40.0,38.0,52.0,0.0,0.0,15.0,52.0,45.0,11.0,0.0,51.0,42.0,0.0,0.0,1.0,0.0,0,4375.14095
7813,7814,7814,7,62,1.0,1.0,0.0,1.0,0,0,1,1.0,29.320999,10.0,522.0,13.0,13.0,3.0,3.0,6066.7729,21325.035,22493.641,19190.848,27115.771,12260.177,27283.234,4053.0854,15916.496000000001,8637.7813,21197.327999999998,35170.324,38372.516,0.0,0.0,0.0,74402.313,47551.152,41883.504,80031.844,0.0,0.0,50480.309,38623.305,63011.039000000004,17.0,52.0,50.0,52.0,39.0,52.0,52.0,52.0,52.0,52.0,52.0,52.0,52.0,52.0,52.0,52.0,52.0,52.0,30.0,52.0,52.0,52.0,52.0,49.0,52.0,0.0,0.0,1.0,0.0,0,42366.625
7955,7956,7956,3,61,1.0,1.0,0.0,0.0,1,1,0,1.0,64.197998,8.0,552.0,12.0,12.0,3.0,3.0,5016.626,8409.873,10585.243,11994.278999999999,6778.9429,13135.903,29894.029,6464.6714,39791.242,40309.648,42394.655999999995,38687.355,48382.738,47069.355,60614.285,48289.219000000005,45786.035,57061.383,57589.82,76338.07,35552.609,78156.273,73617.117,66066.18,58164.035,35.0,52.0,52.0,37.0,40.0,52.0,52.0,52.0,52.0,52.0,46.0,25.0,52.0,29.0,50.0,52.0,52.0,47.0,52.0,52.0,5.0,52.0,52.0,52.0,52.0,0.0,0.0,0.0,1.0,0,56635.4705
8043,8044,8044,12,61,1.0,1.0,0.0,0.0,0,0,1,1.0,32.407001,6.0,357.0,14.0,14.0,12.0,9.0,2892.9209,750.88153,3969.4661,7676.3389,2259.6477,0.0,0.0,0.0,0.0,0.0,119.81098999999999,0.0,0.0,0.0,0.0,1509.0381,8584.8818,13042.601999999999,16706.283,19207.643,21331.564,22330.362999999998,26291.826,813.12219,2229.6213,29.0,13.0,52.0,37.0,12.0,0.0,0.0,0.0,0.0,0.0,0.0,3.0,0.0,0.0,0.0,16.0,46.0,52.0,52.0,52.0,52.0,52.0,52.0,15.0,52.0,0.0,0.0,0.0,1.0,0,17572.023
8046,8047,8047,1,61,1.0,1.0,0.0,1.0,0,0,1,1.0,18.018998999999997,12.0,435.0,13.0,13.0,12.0,12.0,2341.092,19823.273,18524.174,20390.275,15410.796999999999,13135.903,2098.7102,14591.107,15120.671999999999,23993.838,12902.722,25322.632999999998,25025.555,17610.984,26421.611,18108.457,18600.578,15003.068000000001,19632.893,20931.406000000003,22516.652000000002,26238.178,23136.808999999997,23377.264,25204.416,9.0,52.0,34.0,50.0,52.0,52.0,52.0,52.0,52.0,52.0,49.0,50.0,50.0,44.0,52.0,52.0,45.0,52.0,52.0,52.0,42.0,52.0,52.0,49.0,52.0,0.0,0.0,0.0,1.0,0,19521.00475
8242,8243,8242,4,61,1.0,1.0,0.0,1.0,0,1,0,1.0,51.192001,5.0,496.0,12.0,12.0,12.0,10.0,300.99756,18021.156000000003,18524.174,19190.848,22596.477000000003,33934.418,33579.363,30398.141,29843.43,24953.592,29491.936,28136.257999999998,28362.295,28817.972999999998,37301.098,36216.914,25754.646,32606.504,43192.363,73875.547,24886.826,0.0,5889.3691,0.0,43623.027,52.0,50.0,52.0,52.0,52.0,52.0,52.0,52.0,52.0,52.0,52.0,52.0,52.0,52.0,52.0,44.0,52.0,52.0,52.0,52.0,42.0,0.0,6.0,0.0,52.0,0.0,0.0,0.0,1.0,0,43640.31
8413,8414,8414,1,61,1.0,1.0,0.0,1.0,0,0,1,1.0,70.043999,9.0,362.0,18.0,17.0,12.0,12.0,451.49630999999994,10512.341999999999,4234.0972,2638.7415,4519.2954,15325.221000000001,21102.531000000003,22291.971,23874.744,23034.084,26542.742000000002,15123.238000000001,25025.555,15369.586000000001,0.0,875.2420699999999,0.0,3260.6504,3795.6926,3693.7776,4266.313,5359.2871,7361.7114,17278.848,20357.412,6.0,25.0,33.0,11.0,30.0,29.0,52.0,52.0,52.0,52.0,52.0,52.0,52.0,34.0,14.0,52.0,0.0,52.0,52.0,52.0,52.0,52.0,52.0,52.0,52.0,0.0,0.0,1.0,0.0,1,3754.1084
8433,8434,8434,1,61,1.0,1.0,0.0,1.0,0,0,1,1.0,49.053001,8.0,467.0,12.0,12.0,12.0,12.0,1337.7668,2168.5459,5292.6216,19190.848,13557.886,18335.531000000003,19450.848,8106.1709,29843.43,11517.042,9216.2295,10551.097,20020.443,4802.9956,6366.0542,9054.2285,28616.272999999997,27172.088,32721.487999999998,36937.773,48588.566,44660.727,53635.328,48787.332,46531.227,22.0,5.0,51.0,52.0,37.0,52.0,52.0,16.0,46.0,9.0,52.0,18.0,22.0,30.0,52.0,52.0,52.0,52.0,52.0,52.0,52.0,52.0,52.0,49.0,52.0,0.0,0.0,1.0,0.0,0,36354.97875
8651,8652,8652,4,61,1.0,1.0,0.0,1.0,0,0,1,1.0,33.709998999999996,12.0,473.0,12.0,12.0,12.0,12.0,0.0,0.0,7145.0391,24552.289,22596.477000000003,22473.342,21826.588,24318.514,24073.701,26185.916,27648.689,31653.291,30030.666,32019.971,31084.248,28671.722999999998,30047.086,32606.504,32721.487999999998,41862.812999999995,43848.219000000005,44660.727,45221.941,52852.945,63011.039000000004,0.0,0.0,35.0,51.0,41.0,37.0,52.0,52.0,52.0,52.0,52.0,52.0,52.0,52.0,52.0,52.0,52.0,52.0,52.0,52.0,52.0,49.0,52.0,52.0,52.0,0.0,0.0,1.0,0.0,0,37759.756
8696,8697,8697,4,61,1.0,1.0,0.0,1.0,0,0,1,1.0,16.993999,10.0,563.0,16.0,16.0,5.0,6.0,1993.2726,1501.7631,8732.8252,5757.2539,5649.1191,1313.5903,0.0,20265.428,33822.555,34551.125,31335.182,33411.805,41709.258,34421.469,38855.309,40744.027,21462.205,51626.965,51045.523,67719.258,106657.83,68107.609,62048.710999999996,76230.211,83368.453,9.0,13.0,39.0,37.0,37.0,45.0,15.0,41.0,51.0,52.0,47.0,42.0,52.0,52.0,52.0,52.0,44.0,52.0,52.0,52.0,52.0,52.0,52.0,52.0,52.0,0.0,0.0,1.0,0.0,1,69262.394
8811,8812,8811,1,61,1.0,1.0,0.0,1.0,0,1,0,0.0,1.712,10.0,332.0,10.0,10.0,2.0,5.0,0.0,0.0,0.0,0.0,0.0,0.0,0.0,0.0,0.0,0.0,0.0,0.0,0.0,0.0,0.0,0.0,0.0,0.0,0.0,0.0,0.0,0.0,0.0,0.0,0.0,0.0,0.0,0.0,0.0,0.0,0.0,0.0,0.0,0.0,0.0,0.0,0.0,0.0,0.0,0.0,0.0,0.0,0.0,0.0,0.0,0.0,0.0,0.0,0.0,0.0,1.0,0.0,0.0,0.0,0,0.0
8870,8871,8871,3,61,1.0,0.0,1.0,1.0,1,1,0,1.0,26.747,12.0,376.0,12.0,12.0,2.0,2.0,1672.2086,16519.395,16671.758,25187.986,15817.533000000001,3283.9758,3567.8076,20873.391,25864.307,29752.359,27648.689,28136.257999999998,30030.666,28817.972999999998,26421.611,33198.836,35770.34,38040.922,36648.066,34475.258,47403.477,30145.99,32601.865,0.0,31020.818,15.0,32.0,34.0,52.0,33.0,10.0,41.0,52.0,52.0,52.0,52.0,52.0,52.0,52.0,52.0,52.0,52.0,52.0,52.0,52.0,21.0,52.0,52.0,0.0,52.0,0.0,0.0,1.0,0.0,0,39141.93075
9107,9108,9108,1,61,1.0,1.0,0.0,1.0,0,0,1,0.0,5.0279999,12.0,364.0,10.0,10.0,5.0,8.0,0.0,18621.861,661.5777,1199.428,0.0,437.86346,0.0,0.0,0.0,1028.8558,0.0,8792.5811,5005.1108,9605.9912,15127.149,15090.381000000001,14021.973999999998,16439.113,13088.596000000001,13051.348,12864.118999999999,10876.003999999999,0.0,7114.8193,0.0,0.0,24.0,5.0,12.0,0.0,10.0,0.0,0.0,0.0,3.0,4.0,30.0,18.0,47.0,52.0,52.0,52.0,52.0,52.0,52.0,48.0,52.0,0.0,48.0,0.0,0.0,0.0,1.0,0.0,0,13860.794
9114,9115,9115,6,61,1.0,1.0,0.0,1.0,0,0,1,1.0,53.75,6.0,606.0,12.0,12.0,1.0,10.0,919.7147199999999,0.0,0.0,1679.1991,9038.5908,17514.539,12592.261999999999,16390.678,21885.182,20899.592,16589.213,31400.064,25025.555,16009.985,17096.336,37725.953,64386.613,65814.867,68060.695,71413.031,82956.086,101603.16,84133.844,81312.219,164798.09,6.0,0.0,0.0,9.0,32.0,52.0,44.0,52.0,52.0,52.0,52.0,52.0,52.0,52.0,52.0,52.0,52.0,52.0,52.0,52.0,52.0,45.0,52.0,52.0,52.0,0.0,0.0,1.0,0.0,0,72061.16975
9276,9277,9276,11,62,1.0,0.0,1.0,1.0,0,1,0,0.0,4.559,11.0,386.0,10.0,10.0,9.0,9.0,0.0,0.0,0.0,0.0,0.0,0.0,0.0,0.0,0.0,0.0,0.0,16705.902,15015.333,14408.986,0.0,0.0,0.0,0.0,0.0,25856.443,33182.434,2233.0364,19687.32,0.0,0.0,0.0,0.0,0.0,0.0,0.0,0.0,0.0,0.0,0.0,0.0,0.0,17.0,52.0,52.0,20.0,0.0,0.0,0.0,22.0,52.0,52.0,11.0,52.0,15.0,0.0,1.0,0.0,0.0,0.0,0,14759.71925
9368,9369,9369,1,61,1.0,0.0,1.0,1.0,1,0,1,0.0,6.112,6.0,519.0,10.0,10.0,7.0,9.0,3277.5288,300.35263,6351.1455,19291.6,13673.128,9195.1328,16789.682,23183.647999999997,9947.8105,7678.0283,12902.722,15826.646,6673.4814,0.0,0.0,13581.343,12877.323,11451.676000000001,39265.785,28318.961,0.0,0.0,0.0,0.0,0.0,9.0,18.0,16.0,52.0,52.0,52.0,51.0,52.0,52.0,52.0,48.0,52.0,42.0,8.0,0.0,25.0,0.0,52.0,50.0,52.0,0.0,0.0,0.0,0.0,0.0,1.0,0.0,0.0,0.0,0,19759.1055
9871,9872,9871,8,61,1.0,0.0,1.0,1.0,0,0,1,1.0,30.416999999999998,9.0,543.0,14.0,14.0,10.0,12.0,5016.626,2222.6094,15877.864,4080.4539,22596.477000000003,25615.012000000002,27283.234,31614.066000000003,31992.158,35510.879,33178.426,39214.91,40040.887,44827.957,45072.16,43762.105,45786.035,47551.152,28794.91,73875.547,62809.609000000004,58058.945,58893.691,79279.414,77552.047,48.0,20.0,52.0,52.0,52.0,52.0,52.0,52.0,52.0,52.0,52.0,52.0,52.0,52.0,52.0,52.0,52.0,52.0,52.0,52.0,52.0,52.0,52.0,52.0,52.0,0.0,0.0,0.0,1.0,0,53257.8045
9997,9998,9997,3,61,1.0,1.0,0.0,1.0,1,0,1,0.0,2.0469999,10.0,425.0,11.0,11.0,6.0,4.0,2759.1443,0.0,0.0,4797.7119,28245.596,17514.539,21826.588,34451.227,3979.1240000000003,23034.084,39445.465,43962.902,25025.555,24014.979,15542.124,9054.2285,12877.323,27172.088,31412.629,45556.59,40292.957,44660.727,39963.578,36590.5,48470.030999999995,10.0,0.0,0.0,18.0,50.0,44.0,52.0,52.0,52.0,52.0,52.0,52.0,52.0,52.0,52.0,16.0,52.0,48.0,52.0,52.0,52.0,52.0,52.0,52.0,52.0,0.0,0.0,0.0,1.0,0,36108.566
10370,10371,10370,3,61,1.0,1.0,0.0,1.0,0,1,0,0.0,10.146,12.0,412.0,12.0,12.0,11.0,6.0,1672.2086,0.0,0.0,0.0,0.0,0.0,0.0,0.0,0.0,0.0,0.0,0.0,0.0,0.0,0.0,0.0,0.0,0.0,0.0,0.0,0.0,0.0,0.0,0.0,0.0,9.0,0.0,0.0,0.0,0.0,0.0,0.0,0.0,0.0,0.0,0.0,0.0,0.0,0.0,0.0,0.0,0.0,0.0,0.0,0.0,0.0,0.0,0.0,0.0,0.0,1.0,0.0,0.0,0.0,0,0.0
10454,10455,10454,2,61,1.0,1.0,0.0,1.0,1,0,1,1.0,7.111000099999999,13.0,574.0,13.0,13.0,16.0,16.0,0.0,0.0,2963.8679,2398.856,17354.093999999997,21893.172000000002,20987.104,22291.971,25864.307,0.0,11059.476,19343.678,16683.703,14408.986,17096.336,15090.381000000001,22893.017999999996,17661.857,19632.893,19700.146,37922.781,30145.99,28395.174,29475.68,24235.016,0.0,0.0,18.0,10.0,52.0,52.0,52.0,52.0,52.0,26.0,33.0,52.0,52.0,43.0,52.0,52.0,52.0,48.0,52.0,52.0,52.0,52.0,52.0,52.0,52.0,0.0,0.0,1.0,0.0,0,23729.41925
11912,11913,11913,4,61,1.0,0.0,0.0,1.0,1,0,0,0.0,41.57,10.0,366.0,12.0,12.0,12.0,12.0,4304.2651,9010.5781,11815.777,9595.4238,24856.125,2846.1125,0.0,0.0,19895.621,32316.82,46081.148,31653.291,33701.082,29932.267999999996,34192.672,36971.434,46873.457,49453.199,59212.805,64641.105,64459.25,65093.008,60135.719000000005,75642.727,80369.125,16.0,34.0,31.0,52.0,52.0,2.0,0.0,0.0,34.0,52.0,49.0,27.0,25.0,52.0,52.0,52.0,52.0,52.0,52.0,52.0,52.0,52.0,52.0,52.0,52.0,1.0,0.0,0.0,0.0,0,59441.58975
11936,11937,11936,3,61,1.0,1.0,0.0,1.0,1,0,1,1.0,12.877,10.0,507.0,17.0,16.0,12.0,12.0,2782.5552,3138.6848,1323.1554,4797.7119,2485.6125,21893.172000000002,25184.522999999997,34451.227,45759.926,40309.648,36864.918,29894.772999999997,11678.591999999999,17610.984,31084.248,60361.523,42924.41,31247.9,36648.066,46787.848,53328.914000000004,48010.280999999995,48376.960999999996,50820.137,58164.035,27.0,47.0,20.0,0.0,6.0,52.0,52.0,52.0,52.0,52.0,33.0,0.0,50.0,52.0,52.0,52.0,52.0,52.0,52.0,52.0,52.0,52.0,52.0,43.0,52.0,0.0,0.0,1.0,0.0,1,42003.182
11992,11993,11993,2,62,1.0,0.0,1.0,1.0,0,0,1,0.0,36.867001,11.0,574.0,10.0,10.0,12.0,9.0,1003.3251,4460.2363,3969.4661,0.0,1807.7181,10946.586000000001,11536.61,10132.714,27853.869,26873.097999999998,23160.387000000002,29894.772999999997,33367.406,28260.826,26085.9,18862.977,19928.373,0.0,22905.042999999998,49250.367,65179.780999999995,44660.727,27343.5,37098.699,36837.223,0.0,0.0,10.0,0.0,8.0,52.0,10.0,52.0,42.0,52.0,42.0,48.0,39.0,38.0,50.0,48.0,48.0,0.0,36.0,52.0,52.0,52.0,52.0,52.0,52.0,1.0,0.0,0.0,0.0,0,34333.79775
12038,12039,12039,2,61,1.0,1.0,0.0,1.0,1,0,0,1.0,65.528,13.0,647.0,12.0,12.0,8.0,9.0,10367.693000000001,9010.5781,27193.487999999998,24672.232000000004,33894.715,30589.141,13641.617,10339.421,0.0,0.0,20275.705,23915.82,20020.443,31779.82,30851.115,31689.799,36452.84,28530.691000000003,50391.094000000005,20685.154,3555.261,24563.4,68358.75,1826.4757,46531.227,52.0,52.0,51.0,35.0,48.0,52.0,52.0,48.0,52.0,27.0,35.0,52.0,52.0,52.0,52.0,52.0,52.0,52.0,52.0,11.0,52.0,52.0,52.0,2.0,52.0,0.0,0.0,1.0,0.0,0,25790.55
12097,12098,12098,2,61,1.0,1.0,0.0,1.0,0,1,0,1.0,82.76299999999999,6.0,510.0,14.0,14.0,12.0,12.0,13364.291000000001,4505.2891,7277.3545,13193.707,19432.971,47913.207,48270.335999999996,49650.297,47749.488,47987.676,33178.426,26377.742000000002,28719.326,31219.471,39756.754,27138.541,34339.527,51626.965,36648.066,38169.035,78215.742,59175.465,21033.461,50820.137,22296.213,42.0,40.0,41.0,48.0,49.0,52.0,52.0,52.0,52.0,52.0,52.0,52.0,52.0,52.0,52.0,48.0,52.0,52.0,52.0,52.0,49.0,41.0,34.0,52.0,52.0,0.0,0.0,0.0,1.0,0,51164.952
12134,12135,12134,8,61,1.0,1.0,0.0,1.0,0,0,0,0.0,10.769,9.0,371.0,10.0,10.0,10.0,10.0,240.79802999999998,3003.5261,7938.9321,9595.4238,11298.238000000001,13135.903,16789.682,0.0,17906.058999999997,19195.07,25805.443,24619.227000000003,25025.555,24014.979,21758.972999999998,22635.57,21462.205,20379.064,22250.611,25856.443,26071.912,24563.4,24188.48,23377.264,27143.217,14.0,16.0,31.0,50.0,52.0,52.0,46.0,3.0,47.0,52.0,52.0,52.0,52.0,52.0,52.0,52.0,52.0,52.0,52.0,52.0,52.0,45.0,52.0,52.0,52.0,0.0,0.0,1.0,0.0,0,23639.5075
12155,12156,12156,2,61,1.0,0.0,0.0,1.0,1,0,1,1.0,37.084,13.0,394.0,16.0,16.0,12.0,11.0,3009.9753,4505.2891,10585.243,9115.6523,0.0,10946.586000000001,6296.1309,30398.141,31832.992000000002,42229.155999999995,31335.182,40445.871,36704.148,56034.949,42740.84,52816.332,77263.938,111405.55,0.0,290577.16,315153.72,0.0,0.0,128066.75,333309.0,52.0,52.0,46.0,21.0,48.0,49.0,21.0,48.0,52.0,52.0,52.0,52.0,52.0,52.0,52.0,52.0,52.0,52.0,52.0,52.0,52.0,52.0,52.0,52.0,52.0,0.0,0.0,1.0,0.0,1,179284.10749999998
12178,12179,12179,2,61,1.0,1.0,0.0,0.0,1,1,0,1.0,60.411999,6.0,571.0,16.0,15.0,8.0,6.0,0.0,10512.341999999999,14025.446000000002,17511.648,18077.182,19703.855,23085.813,23305.242000000002,28848.65,38390.141,43316.280999999995,44842.16,55056.219000000005,43226.960999999996,45072.16,22635.57,8584.8818,27172.088,34030.348,32012.737999999998,40292.957,36845.102,53635.328,39639.707,54286.434,0.0,22.0,52.0,50.0,52.0,52.0,52.0,52.0,43.0,52.0,52.0,52.0,52.0,52.0,52.0,32.0,19.0,52.0,52.0,52.0,52.0,52.0,52.0,52.0,47.0,1.0,0.0,0.0,0.0,1,33377.03275
12187,12188,12188,2,61,1.0,1.0,0.0,1.0,0,0,1,1.0,13.859000000000002,8.0,500.0,12.0,12.0,14.0,12.0,11571.684,25830.324,7938.9321,25187.986,15817.533000000001,13573.767,7064.2588,0.0,23874.744,6718.2744,11059.476,17585.162,13346.963,22413.979,21758.972999999998,9054.2285,11446.508999999998,19020.461,19632.893,23393.924,15406.131000000001,16747.773,21033.461,14229.639,18418.611,52.0,52.0,14.0,43.0,38.0,52.0,22.0,0.0,41.0,45.0,46.0,47.0,41.0,52.0,52.0,24.0,49.0,52.0,52.0,52.0,30.0,44.0,46.0,52.0,52.0,1.0,0.0,0.0,0.0,0,19363.35225
12302,12303,12303,7,62,1.0,1.0,0.0,1.0,0,0,1,1.0,20.629,8.0,474.0,12.0,12.0,7.0,7.0,0.0,0.0,0.0,2247.728,10168.414,8746.3223,12802.133,14185.798999999999,19895.621,17275.563000000002,16589.213,24619.227000000003,25025.555,16009.985,18650.549,19617.494,18600.578,28530.691000000003,26177.191000000003,25856.443,28442.088,35728.582,32601.865,33541.293,32959.621,0.0,0.0,0.0,13.0,52.0,52.0,52.0,52.0,52.0,52.0,52.0,52.0,52.0,52.0,52.0,52.0,52.0,52.0,52.0,52.0,52.0,52.0,52.0,52.0,52.0,0.0,0.0,1.0,0.0,0,27251.603250000004
